category,name,job_count,avg_salary,p25_salary,p75_salary,min_salary,max_salary,pct_remote,avg_salary_remote,avg_salary_onsite,remote_salary_delta
skill,.NET,5,128000.0,120000.0,140000.0,100000.0,145000.0,80.0,130000.0,120000.0,10000.0
skill,3D Animation,2,122500.0,121250.0,123750.0,120000.0,125000.0,100.0,122500.0,,
skill,3D Design,2,187500.0,186250.0,188750.0,185000.0,190000.0,100.0,187500.0,,
skill,3D Graphics,6,130393.33,100000.0,145000.0,87360.0,215000.0,66.67,128090.0,135000.0,-6910.0
skill,3D Modeling,6,125000.0,115000.0,128750.0,115000.0,150000.0,83.33,127000.0,115000.0,12000.0
skill,3D Printing,2,152500.0,151250.0,153750.0,150000.0,155000.0,0.0,,152500.0,
skill,3D Reconstruction,4,138750.0,113750.0,155000.0,110000.0,185000.0,100.0,138750.0,,
skill,3D Rendering,2,127500.0,121250.0,133750.0,115000.0,140000.0,50.0,115000.0,140000.0,-25000.0
skill,3D Visualization,3,125833.33,96250.0,155000.0,67500.0,185000.0,33.33,125000.0,126250.0,-1250.0
skill,A/B Testing,11,160090.91,130000.0,190000.0,52500.0,285000.0,72.73,157812.5,166166.67,-8354.17
skill,AI,315,168979.21,140000.0,200000.0,3000.0,375000.0,43.49,160623.72,175410.11,-14786.39
skill,AI Agents,31,197258.06,167500.0,240000.0,45000.0,300000.0,38.71,193333.33,199736.84,-6403.51
skill,AI Applications,2,177500.0,163750.0,191250.0,150000.0,205000.0,50.0,150000.0,205000.0,-55000.0
skill,AI Data,2,28080.0,24440.0,31720.0,20800.0,35360.0,100.0,28080.0,,
skill,AI Engineering,3,210000.0,180000.0,235000.0,160000.0,270000.0,100.0,210000.0,,
skill,AI Inference,3,175000.0,142500.0,212500.0,100000.0,240000.0,100.0,175000.0,,
skill,AI Infrastructure,11,185000.0,177500.0,207500.0,105000.0,260000.0,45.45,172000.0,195833.33,-23833.33
skill,AI Integration,7,151428.57,132500.0,162500.0,100000.0,230000.0,85.71,160000.0,100000.0,60000.0
skill,AI Integrations,2,90000.0,85000.0,95000.0,80000.0,100000.0,0.0,,90000.0,
skill,AI Models,2,125000.0,80000.0,170000.0,35000.0,215000.0,50.0,35000.0,215000.0,-180000.0
skill,AI Platform,2,150000.0,132500.0,167500.0,115000.0,185000.0,50.0,185000.0,115000.0,70000.0
skill,AI Research,4,143750.0,101250.0,190000.0,75000.0,205000.0,25.0,75000.0,166666.67,-91666.67
skill,AI Search,2,165000.0,157500.0,172500.0,150000.0,180000.0,100.0,165000.0,,
skill,AI Security,2,135000.0,112500.0,157500.0,90000.0,180000.0,50.0,180000.0,90000.0,90000.0
skill,AI Tools,3,80480.0,50720.0,120000.0,1440.0,140000.0,100.0,80480.0,,
skill,AI/ML,31,187096.77,170000.0,202500.0,115000.0,285000.0,51.61,178750.0,196000.0,-17250.0
skill,API,50,175135.0,156250.0,190000.0,100000.0,249250.0,58.0,172732.76,178452.38,-5719.62
skill,API Design,36,177638.89,155000.0,200000.0,80000.0,295000.0,61.11,183181.82,168928.57,14253.25
skill,API Development,79,155795.13,135000.0,182500.0,35000.0,300000.0,56.96,151600.0,161347.5,-9747.5
skill,API Integration,26,135961.54,111250.0,168750.0,8000.0,215000.0,46.15,139000.0,133357.14,5642.86
skill,APIs,113,158061.95,130000.0,185000.0,15000.0,250000.0,50.44,153377.19,162830.36,-9453.16
skill,ATS,4,90000.0,69375.0,111875.0,60000.0,117500.0,100.0,90000.0,,
skill,AWS,206,165151.82,131250.0,190000.0,42500.0,375000.0,52.91,162108.03,168572.16,-6464.14
skill,Access Control,2,137500.0,126250.0,148750.0,115000.0,160000.0,100.0,137500.0,,
skill,Accessibility,4,131250.0,127500.0,153750.0,60000.0,165000.0,50.0,157500.0,105000.0,52500.0
skill,Account Executive,5,121000.0,100000.0,135000.0,90000.0,150000.0,100.0,121000.0,,
skill,Account Management,25,132100.0,100000.0,160000.0,72500.0,240000.0,96.0,131354.17,150000.0,-18645.83
skill,Accounting,4,168750.0,152500.0,201250.0,100000.0,205000.0,75.0,156666.67,205000.0,-48333.33
skill,Administration,2,93750.0,91875.0,95625.0,90000.0,97500.0,100.0,93750.0,,
skill,Administrative Support,4,56250.0,53125.0,60625.0,47500.0,62500.0,100.0,56250.0,,
skill,Advertising,6,127500.0,62500.0,193750.0,45000.0,215000.0,50.0,61666.67,193333.33,-131666.67
skill,Aerospace,5,167000.0,150000.0,185000.0,140000.0,195000.0,60.0,151666.67,190000.0,-38333.33
skill,Agency,2,175000.0,147500.0,202500.0,120000.0,230000.0,100.0,175000.0,,
skill,Agent Systems,2,147500.0,113750.0,181250.0,80000.0,215000.0,0.0,,147500.0,
skill,Agentic AI,4,197500.0,166250.0,206250.0,155000.0,285000.0,25.0,285000.0,168333.33,116666.67
skill,Agentic Systems,2,170000.0,165000.0,175000.0,160000.0,180000.0,50.0,160000.0,180000.0,-20000.0
skill,Agents,4,216250.0,155000.0,251250.0,110000.0,375000.0,50.0,160000.0,272500.0,-112500.0
skill,Agile,63,151309.52,116250.0,182500.0,35000.0,285000.0,60.32,150263.16,152900.0,-2636.84
skill,Agile Development,2,167500.0,166250.0,168750.0,165000.0,170000.0,100.0,167500.0,,
skill,Agile Methodologies,13,145831.92,125000.0,200000.0,40815.0,205000.0,61.54,152500.0,135163.0,17337.0
skill,Agriculture,2,150000.0,112500.0,187500.0,75000.0,225000.0,100.0,150000.0,,
skill,Airflow,2,170000.0,165000.0,175000.0,160000.0,180000.0,100.0,170000.0,,
skill,Airtable,2,73750.0,58125.0,89375.0,42500.0,105000.0,100.0,73750.0,,
skill,Algorithm Development,3,150833.33,133750.0,166250.0,120000.0,185000.0,0.0,,150833.33,
skill,Algorithms,11,155909.09,130000.0,187500.0,90000.0,215000.0,63.64,166428.57,137500.0,28928.57
skill,Analytics,38,146880.0,110000.0,170000.0,1440.0,300000.0,78.95,143714.67,158750.0,-15035.33
skill,Analytics Engineering,2,142500.0,133750.0,151250.0,125000.0,160000.0,100.0,142500.0,,
skill,Android,15,138150.0,105000.0,170000.0,60000.0,249250.0,66.67,147725.0,119000.0,28725.0
skill,Angular,3,108333.33,92500.0,120000.0,85000.0,140000.0,66.67,120000.0,85000.0,35000.0
skill,Animation,4,116250.0,110000.0,126250.0,95000.0,130000.0,75.0,123333.33,95000.0,28333.33
skill,Anomaly Detection,2,115000.0,97500.0,132500.0,80000.0,150000.0,50.0,150000.0,80000.0,70000.0
skill,Ansible,4,136250.0,105000.0,151250.0,105000.0,200000.0,100.0,136250.0,,
skill,Anthropic,2,230000.0,215000.0,245000.0,200000.0,260000.0,0.0,,230000.0,
skill,Apache Spark,2,246137.5,243068.75,249206.25,240000.0,252275.0,50.0,252275.0,240000.0,12275.0
skill,Apex,3,100833.33,93750.0,106250.0,90000.0,115000.0,100.0,100833.33,,
skill,App Development,4,140000.0,103750.0,181250.0,85000.0,185000.0,25.0,185000.0,125000.0,60000.0
skill,Application Security,2,95000.0,92500.0,97500.0,90000.0,100000.0,0.0,,95000.0,
skill,Applied AI,2,235000.0,202500.0,267500.0,170000.0,300000.0,50.0,300000.0,170000.0,130000.0
skill,Architecture,16,169687.5,145000.0,205000.0,75000.0,250000.0,50.0,164375.0,175000.0,-10625.0
skill,Art Direction,2,122500.0,118750.0,126250.0,115000.0,130000.0,100.0,122500.0,,
skill,Attention to Detail,3,43333.33,41250.0,46250.0,37500.0,47500.0,100.0,43333.33,,
skill,Audio Engineering,2,117500.0,108750.0,126250.0,100000.0,135000.0,50.0,100000.0,135000.0,-35000.0
skill,Audio Processing,4,167500.0,137500.0,207500.0,100000.0,215000.0,25.0,215000.0,151666.67,63333.33
skill,Audit,5,174000.0,165000.0,205000.0,100000.0,230000.0,80.0,166250.0,205000.0,-38750.0
skill,Auditing,3,120000.0,110000.0,130000.0,100000.0,140000.0,66.67,120000.0,120000.0,0.0
skill,Augmented Reality,2,160000.0,152500.0,167500.0,145000.0,175000.0,100.0,160000.0,,
skill,Auth0,2,162500.0,156250.0,168750.0,150000.0,175000.0,50.0,175000.0,150000.0,25000.0
skill,Authentication,7,127857.14,90000.0,160000.0,75000.0,170000.0,57.14,141250.0,110000.0,31250.0
skill,Authorization,3,163333.33,160000.0,165000.0,160000.0,170000.0,100.0,163333.33,,
skill,Autoimmune Disease,2,260000.0,255000.0,265000.0,250000.0,270000.0,0.0,,260000.0,
skill,Automation,92,160489.13,135000.0,185000.0,77500.0,300000.0,48.91,157533.33,163319.15,-5785.82
skill,Automotive,2,157500.0,143750.0,171250.0,130000.0,185000.0,100.0,157500.0,,
skill,Autonomous Agents,3,206666.67,175000.0,225000.0,170000.0,270000.0,33.33,270000.0,175000.0,95000.0
skill,Autonomous Systems,7,167857.14,125000.0,210000.0,110000.0,260000.0,28.57,192500.0,158000.0,34500.0
skill,Azure,20,166375.0,130625.0,192500.0,110000.0,240000.0,80.0,173281.25,138750.0,34531.25
skill,B2B,16,125937.5,107500.0,145000.0,85000.0,180000.0,75.0,133333.33,103750.0,29583.33
skill,B2B Sales,8,162500.0,150625.0,188750.0,62500.0,240000.0,75.0,158333.33,175000.0,-16666.67
skill,BPF,2,172500.0,171250.0,173750.0,170000.0,175000.0,100.0,172500.0,,
skill,Back-End,3,113333.33,82500.0,162500.0,15000.0,175000.0,33.33,150000.0,95000.0,55000.0
skill,Backend,104,170968.75,145000.0,198125.0,45000.0,337000.0,52.88,163077.27,179826.53,-16749.26
skill,Backend Development,48,169027.4,133750.0,200000.0,40815.0,312500.0,52.08,166400.0,171883.26,-5483.26
skill,Backend Engineering,13,185978.85,165000.0,215000.0,115000.0,250000.0,46.15,170833.33,198960.71,-28127.38
skill,Backend Services,3,236666.67,222500.0,247500.0,215000.0,265000.0,33.33,215000.0,247500.0,-32500.0
skill,Backend Systems,4,105625.0,103125.0,111250.0,90000.0,115000.0,0.0,,105625.0,
skill,Background Jobs,3,121666.67,90000.0,142500.0,80000.0,185000.0,33.33,185000.0,90000.0,95000.0
skill,Banking,4,152500.0,126250.0,188750.0,85000.0,200000.0,75.0,141666.67,185000.0,-43333.33
skill,Banking Systems,2,117500.0,116250.0,118750.0,115000.0,120000.0,0.0,,117500.0,
skill,Battery Systems,3,151666.67,147500.0,160000.0,135000.0,160000.0,66.67,147500.0,160000.0,-12500.0
skill,Behavioral Science,2,132500.0,131250.0,133750.0,130000.0,135000.0,100.0,132500.0,,
skill,Benefits Administration,2,117500.0,111250.0,123750.0,105000.0,130000.0,100.0,117500.0,,
skill,Big Data,19,171786.84,142500.0,190000.0,110000.0,285000.0,68.42,177226.92,160000.0,17226.92
skill,BigQuery,2,172500.0,166250.0,178750.0,160000.0,185000.0,100.0,172500.0,,
skill,Billing Systems,3,151666.67,145000.0,162500.0,130000.0,165000.0,66.67,145000.0,165000.0,-20000.0
skill,Bioinformatics,7,181214.29,135000.0,222500.0,90000.0,293500.0,14.29,150000.0,186416.67,-36416.67
skill,Biology,2,110000.0,105000.0,115000.0,100000.0,120000.0,0.0,,110000.0,
skill,Bitcoin,3,196666.67,195000.0,200000.0,190000.0,200000.0,66.67,195000.0,200000.0,-5000.0
skill,Blockchain,29,159568.97,120000.0,200000.0,50000.0,250000.0,82.76,164479.17,136000.0,28479.17
skill,Bookkeeping,2,125000.0,112500.0,137500.0,100000.0,150000.0,100.0,125000.0,,
skill,Bootstrapped,3,140833.33,115000.0,161250.0,100000.0,192500.0,66.67,115000.0,192500.0,-77500.0
skill,Brand Management,2,120000.0,110000.0,130000.0,100000.0,140000.0,100.0,120000.0,,
skill,Browser Automation,3,165000.0,140000.0,202500.0,90000.0,215000.0,100.0,165000.0,,
skill,Browser Development,2,167500.0,166250.0,168750.0,165000.0,170000.0,100.0,167500.0,,
skill,Browser Games,2,105000.0,100000.0,110000.0,95000.0,115000.0,100.0,105000.0,,
skill,Budget Management,4,163750.0,121250.0,185000.0,95000.0,275000.0,100.0,163750.0,,
skill,Budgeting,6,122916.67,98750.0,148750.0,72500.0,165000.0,100.0,122916.67,,
skill,Business Analysis,2,122500.0,113750.0,131250.0,105000.0,140000.0,50.0,105000.0,140000.0,-35000.0
skill,Business Development,15,139000.0,112500.0,162500.0,90000.0,215000.0,80.0,135416.67,153333.33,-17916.67
skill,Business Intelligence,8,136875.0,93750.0,173750.0,75000.0,230000.0,87.5,137142.86,135000.0,2142.86
skill,Business Logic,2,220000.0,210000.0,230000.0,200000.0,240000.0,50.0,200000.0,240000.0,-40000.0
skill,Business Operations,4,131250.0,123750.0,135000.0,120000.0,150000.0,50.0,140000.0,122500.0,17500.0
skill,C,3,143333.33,120000.0,185000.0,60000.0,190000.0,66.67,185000.0,60000.0,125000.0
skill,C#,8,149375.0,131250.0,171250.0,85000.0,215000.0,50.0,146250.0,152500.0,-6250.0
skill,C++,75,169724.8,135000.0,200000.0,55000.0,325000.0,41.33,169269.68,170045.45,-775.78
skill,CAD,7,157028.57,137500.0,152500.0,130000.0,239200.0,28.57,132500.0,166840.0,-34340.0
skill,CDC,3,203333.33,195000.0,212500.0,185000.0,220000.0,100.0,203333.33,,
skill,CDK,2,140000.0,137500.0,142500.0,135000.0,145000.0,100.0,140000.0,,
skill,CI/CD,61,170000.0,140000.0,200000.0,90000.0,250000.0,62.3,174210.53,163043.48,11167.05
skill,CRM,51,118480.39,87500.0,145000.0,47500.0,240000.0,92.16,117287.23,132500.0,-15212.77
skill,CRO,2,132500.0,121250.0,143750.0,110000.0,155000.0,100.0,132500.0,,
skill,CSS,3,135000.0,132500.0,137500.0,130000.0,140000.0,66.67,137500.0,130000.0,7500.0
skill,CUDA,2,222500.0,218750.0,226250.0,215000.0,230000.0,50.0,230000.0,215000.0,15000.0
skill,Caching,2,90000.0,85000.0,95000.0,80000.0,100000.0,0.0,,90000.0,
skill,Calendar Management,4,71250.0,64375.0,76875.0,62500.0,82500.0,100.0,71250.0,,
skill,Campaign Management,5,94500.0,55000.0,140000.0,52500.0,150000.0,100.0,94500.0,,
skill,Campaign Optimization,2,110000.0,110000.0,110000.0,110000.0,110000.0,100.0,110000.0,,
skill,Candidate Experience,2,91250.0,81875.0,100625.0,72500.0,110000.0,100.0,91250.0,,
skill,Capital Markets,3,152500.0,142500.0,166250.0,125000.0,172500.0,33.33,160000.0,148750.0,11250.0
skill,Chatbots,2,178750.0,143125.0,214375.0,107500.0,250000.0,50.0,250000.0,107500.0,142500.0
skill,China,2,188750.0,188125.0,189375.0,187500.0,190000.0,0.0,,188750.0,
skill,Claude,3,148333.33,122500.0,192500.0,60000.0,200000.0,0.0,,148333.33,
skill,Clean Energy,2,192500.0,188750.0,196250.0,185000.0,200000.0,100.0,192500.0,,
skill,ClickHouse,2,210000.0,190000.0,230000.0,170000.0,250000.0,0.0,,210000.0,
skill,Client Communication,2,82500.0,68750.0,96250.0,55000.0,110000.0,100.0,82500.0,,
skill,Client Management,4,133750.0,118750.0,170000.0,55000.0,170000.0,100.0,133750.0,,
skill,Client Onboarding,2,127500.0,106250.0,148750.0,85000.0,170000.0,100.0,127500.0,,
skill,Client Relations,11,123409.09,108750.0,137500.0,85000.0,170000.0,100.0,123409.09,,
skill,Climate Tech,4,180000.0,173750.0,196250.0,140000.0,200000.0,75.0,175000.0,195000.0,-20000.0
skill,Clinical,2,130000.0,130000.0,130000.0,130000.0,130000.0,100.0,130000.0,,
skill,Clinical Data,2,160000.0,157500.0,162500.0,155000.0,165000.0,0.0,,160000.0,
skill,Clinical Research,2,132500.0,121250.0,143750.0,110000.0,155000.0,100.0,132500.0,,
skill,Clinical Workflows,2,152500.0,121250.0,183750.0,90000.0,215000.0,50.0,90000.0,215000.0,-125000.0
skill,Clojure,2,135000.0,127500.0,142500.0,120000.0,150000.0,0.0,,135000.0,
skill,Closing Deals,2,120000.0,105000.0,135000.0,90000.0,150000.0,100.0,120000.0,,
skill,Cloud,243,171844.65,150000.0,200000.0,45000.0,337000.0,48.97,168577.73,174979.84,-6402.11
skill,Cloud Architecture,6,217000.0,188750.0,244250.0,160000.0,270000.0,100.0,217000.0,,
skill,Cloud Computing,68,181822.79,160000.0,213125.0,35000.0,325000.0,48.53,175877.27,187428.57,-11551.3
skill,Cloud Cost Management,3,213333.33,200000.0,235000.0,170000.0,240000.0,66.67,235000.0,170000.0,65000.0
skill,Cloud Databases,2,235000.0,232500.0,237500.0,230000.0,240000.0,100.0,235000.0,,
skill,Cloud Deployment,2,155000.0,137500.0,172500.0,120000.0,190000.0,50.0,190000.0,120000.0,70000.0
skill,Cloud Infrastructure,72,180211.46,163750.0,201250.0,75000.0,295000.0,47.22,182720.59,177966.45,4754.14
skill,Cloud Platforms,6,138333.33,118750.0,170000.0,45000.0,200000.0,50.0,161666.67,115000.0,46666.67
skill,Cloud Security,10,161250.0,150000.0,187500.0,90000.0,202500.0,70.0,178214.29,121666.67,56547.62
skill,Cloud Services,29,145717.76,125000.0,180000.0,40815.0,200000.0,65.52,151842.11,134081.5,17760.61
skill,Cloudflare,2,110000.0,110000.0,110000.0,110000.0,110000.0,100.0,110000.0,,
skill,Code Analysis,2,95000.0,92500.0,97500.0,90000.0,100000.0,0.0,,95000.0,
skill,Cold Calling,2,102500.0,96250.0,108750.0,90000.0,115000.0,100.0,102500.0,,
skill,Collaboration,6,115000.0,91250.0,145000.0,60000.0,155000.0,66.67,123750.0,97500.0,26250.0
skill,Collaboration Tools,6,151666.67,130000.0,161250.0,125000.0,200000.0,66.67,146250.0,162500.0,-16250.0
skill,Collaborative Tools,3,196666.67,187500.0,202500.0,185000.0,215000.0,100.0,196666.67,,
skill,Communication,65,107461.54,75000.0,125000.0,37500.0,270000.0,92.31,107250.0,110000.0,-2750.0
skill,Communication Infrastructure,2,167500.0,158750.0,176250.0,150000.0,185000.0,100.0,167500.0,,
skill,Community Building,2,78750.0,70625.0,86875.0,62500.0,95000.0,0.0,,78750.0,
skill,Compilers,2,222500.0,218750.0,226250.0,215000.0,230000.0,50.0,215000.0,230000.0,-15000.0
skill,Compliance,37,153581.08,115000.0,195000.0,35000.0,300000.0,64.86,137604.17,183076.92,-45472.76
skill,Compose Multiplatform,2,142500.0,138750.0,146250.0,135000.0,150000.0,100.0,142500.0,,
skill,Computational Biology,2,182500.0,176250.0,188750.0,170000.0,195000.0,50.0,195000.0,170000.0,25000.0
skill,Computer Vision,40,155950.0,136250.0,185000.0,73000.0,205000.0,42.5,141352.94,166739.13,-25386.19
skill,Concurrency,2,172500.0,171250.0,173750.0,170000.0,175000.0,100.0,172500.0,,
skill,Conflict Resolution,2,108750.0,106875.0,110625.0,105000.0,112500.0,100.0,108750.0,,
skill,Construction,4,207500.0,150000.0,247500.0,150000.0,300000.0,25.0,150000.0,226666.67,-76666.67
skill,Construction Tech,2,172500.0,151250.0,193750.0,130000.0,215000.0,50.0,130000.0,215000.0,-85000.0
skill,Consulting,14,139285.71,120000.0,165000.0,90000.0,200000.0,92.86,140769.23,120000.0,20769.23
skill,Consumer,2,257500.0,236250.0,278750.0,215000.0,300000.0,0.0,,257500.0,
skill,Consumer Goods,2,82500.0,82500.0,82500.0,82500.0,82500.0,100.0,82500.0,,
skill,Consumer Products,2,96250.0,84375.0,108125.0,72500.0,120000.0,100.0,96250.0,,
skill,Containers,2,165000.0,147500.0,182500.0,130000.0,200000.0,50.0,130000.0,200000.0,-70000.0
skill,Content Creation,7,98777.14,60000.0,122500.0,1440.0,250000.0,71.43,89288.0,122500.0,-33212.0
skill,Content Development,2,132500.0,128750.0,136250.0,125000.0,140000.0,100.0,132500.0,,
skill,Content Generation,3,245000.0,180000.0,282500.0,170000.0,375000.0,33.33,170000.0,282500.0,-112500.0
skill,Content Moderation,4,65290.0,31720.0,73750.0,20800.0,160000.0,100.0,65290.0,,
skill,Content Strategy,5,111000.0,100000.0,120000.0,85000.0,140000.0,80.0,108750.0,120000.0,-11250.0
skill,Contract,3,86000.0,64000.0,125000.0,8000.0,130000.0,66.67,125000.0,8000.0,117000.0
skill,Contract Negotiation,3,113333.33,102500.0,122500.0,95000.0,135000.0,100.0,113333.33,,
skill,Contract Work,3,132400.0,79000.0,194600.0,8000.0,239200.0,33.33,150000.0,123600.0,26400.0
skill,Control Systems,2,117500.0,113750.0,121250.0,110000.0,125000.0,0.0,,117500.0,
skill,Conversational AI,3,124333.33,79000.0,182500.0,8000.0,215000.0,33.33,8000.0,182500.0,-174500.0
skill,Coordination,3,85833.33,73750.0,92500.0,72500.0,110000.0,66.67,73750.0,110000.0,-36250.0
skill,Creative Writing,2,60000.0,57500.0,62500.0,55000.0,65000.0,100.0,60000.0,,
skill,Cross-functional Collaboration,7,170000.0,125000.0,195000.0,115000.0,285000.0,100.0,170000.0,,
skill,Cross-functional Leadership,3,191666.67,172500.0,205000.0,165000.0,230000.0,100.0,191666.67,,
skill,Cross-platform Development,2,127500.0,121250.0,133750.0,115000.0,140000.0,100.0,127500.0,,
skill,Crypto,8,158125.0,131250.0,200000.0,50000.0,230000.0,75.0,168333.33,127500.0,40833.33
skill,Cryptocurrency,5,145500.0,110000.0,180000.0,57500.0,230000.0,100.0,145500.0,,
skill,Cryptography,15,172000.0,152500.0,192500.0,100000.0,250000.0,73.33,173636.36,167500.0,6136.36
skill,Customer Acquisition,3,226666.67,215000.0,232500.0,215000.0,250000.0,66.67,232500.0,215000.0,17500.0
skill,Customer Engagement,3,87500.0,66250.0,101250.0,60000.0,130000.0,100.0,87500.0,,
skill,Customer Experience,3,103333.33,97500.0,112500.0,85000.0,115000.0,100.0,103333.33,,
skill,Customer Service,13,76153.85,55000.0,90000.0,47500.0,135000.0,100.0,76153.85,,
skill,Customer Success,16,116250.0,96250.0,135000.0,72500.0,200000.0,100.0,116250.0,,
skill,Customer Support,7,122171.43,90100.0,145000.0,85000.0,200000.0,85.71,109200.0,200000.0,-90800.0
skill,Cybersecurity,22,156022.73,127500.0,178750.0,100000.0,250000.0,50.0,152954.55,159090.91,-6136.36
skill,Cypress,2,105000.0,105000.0,105000.0,105000.0,105000.0,100.0,105000.0,,
skill,Dart,3,181666.67,177500.0,187500.0,170000.0,190000.0,100.0,181666.67,,
skill,Dashboard Development,2,120000.0,105000.0,135000.0,90000.0,150000.0,50.0,90000.0,150000.0,-60000.0
skill,Dashboards,2,125000.0,107500.0,142500.0,90000.0,160000.0,100.0,125000.0,,
skill,Data,17,175705.88,140000.0,190000.0,100000.0,337000.0,58.82,175500.0,176000.0,-500.0
skill,Data Analysis,78,131600.77,100000.0,160000.0,35000.0,260000.0,76.92,127039.33,146805.56,-19766.22
skill,Data Analytics,15,158333.33,140000.0,182500.0,72500.0,200000.0,66.67,153500.0,168000.0,-14500.0
skill,Data Annotation,4,62165.0,31720.0,66875.0,20800.0,155000.0,75.0,31220.0,155000.0,-123780.0
skill,Data Engineering,78,176871.79,150000.0,200000.0,110000.0,300000.0,47.44,174594.59,178926.83,-4332.23
skill,Data Enrichment,2,167500.0,158750.0,176250.0,150000.0,185000.0,0.0,,167500.0,
skill,Data Entry,4,63125.0,60000.0,63125.0,60000.0,72500.0,100.0,63125.0,,
skill,Data Extraction,3,116666.67,100000.0,130000.0,90000.0,150000.0,66.67,120000.0,110000.0,10000.0
skill,Data Governance,2,197500.0,181250.0,213750.0,165000.0,230000.0,100.0,197500.0,,
skill,Data Infrastructure,3,185000.0,177500.0,192500.0,170000.0,200000.0,33.33,200000.0,177500.0,22500.0
skill,Data Insights,2,157500.0,148750.0,166250.0,140000.0,175000.0,50.0,175000.0,140000.0,35000.0
skill,Data Integration,6,160416.67,128125.0,187500.0,110000.0,205000.0,66.67,153125.0,175000.0,-21875.0
skill,Data Management,4,114375.0,95625.0,127500.0,90000.0,150000.0,75.0,112500.0,120000.0,-7500.0
skill,Data Modeling,2,130000.0,117500.0,142500.0,105000.0,155000.0,50.0,105000.0,155000.0,-50000.0
skill,Data Pipeline,3,176666.67,170000.0,185000.0,160000.0,190000.0,100.0,176666.67,,
skill,Data Pipelines,24,168250.0,146250.0,200000.0,3000.0,270000.0,58.33,160928.57,178500.0,-17571.43
skill,Data Platform,11,203181.82,182500.0,217500.0,180000.0,240000.0,54.55,193333.33,215000.0,-21666.67
skill,Data Platforms,5,195500.0,170000.0,202500.0,170000.0,250000.0,60.0,201666.67,186250.0,15416.67
skill,Data Processing,34,157132.35,151250.0,180000.0,45000.0,212500.0,47.06,165156.25,150000.0,15156.25
skill,Data Products,3,190000.0,142500.0,225000.0,120000.0,285000.0,100.0,190000.0,,
skill,Data Replication,3,203333.33,195000.0,212500.0,185000.0,220000.0,100.0,203333.33,,
skill,Data Science,45,171743.33,130000.0,200000.0,85000.0,300000.0,28.89,180688.46,168109.38,12579.09
skill,Data Security,5,176000.0,150000.0,185000.0,130000.0,230000.0,80.0,173750.0,185000.0,-11250.0
skill,Data Strategy,2,257500.0,243750.0,271250.0,230000.0,285000.0,100.0,257500.0,,
skill,Data Tools,2,72500.0,72500.0,72500.0,72500.0,72500.0,100.0,72500.0,,
skill,Data Transformation,2,162500.0,151250.0,173750.0,140000.0,185000.0,50.0,185000.0,140000.0,45000.0
skill,Data Visualization,27,152222.22,115000.0,182500.0,75000.0,215000.0,59.26,152812.5,151363.64,1448.86
skill,Data Warehousing,12,170416.67,122500.0,196250.0,75000.0,300000.0,75.0,150000.0,231666.67,-81666.67
skill,Data-Driven,3,236166.67,216750.0,256750.0,195000.0,275000.0,0.0,,236166.67,
skill,Database,13,138269.23,120000.0,165000.0,82500.0,200000.0,61.54,129062.5,153000.0,-23937.5
skill,Database Design,10,138081.5,130000.0,153750.0,40815.0,185000.0,80.0,144375.0,112907.5,31467.5
skill,Database Engineering,4,208750.0,183750.0,232500.0,180000.0,240000.0,75.0,198333.33,240000.0,-41666.67
skill,Database Management,16,135312.5,103750.0,160000.0,50000.0,225000.0,62.5,130000.0,144166.67,-14166.67
skill,Database Systems,5,185000.0,185000.0,205000.0,135000.0,215000.0,20.0,185000.0,185000.0,0.0
skill,Databases,9,150833.33,132500.0,180000.0,15000.0,240000.0,33.33,171666.67,140416.67,31250.0
skill,Datacenters,2,235000.0,222500.0,247500.0,210000.0,260000.0,0.0,,235000.0,
skill,Debugging,4,150000.0,113750.0,186250.0,110000.0,190000.0,50.0,187500.0,112500.0,75000.0
skill,Decentralized,3,160000.0,150000.0,167500.0,145000.0,180000.0,100.0,160000.0,,
skill,Decentralized Technology,2,250000.0,250000.0,250000.0,250000.0,250000.0,100.0,250000.0,,
skill,Deep Learning,11,221136.36,187500.0,270000.0,75000.0,312500.0,63.64,182857.14,288125.0,-105267.86
skill,Defense,3,176666.67,172500.0,185000.0,160000.0,185000.0,33.33,185000.0,172500.0,12500.0
skill,Defense Tech,2,112500.0,106250.0,118750.0,100000.0,125000.0,100.0,112500.0,,
skill,Defense Technology,2,152500.0,151250.0,153750.0,150000.0,155000.0,100.0,152500.0,,
skill,Deployment,4,128750.0,93750.0,162500.0,75000.0,185000.0,25.0,100000.0,138333.33,-38333.33
skill,Design,6,118333.33,102500.0,130000.0,100000.0,150000.0,33.33,117500.0,118750.0,-1250.0
skill,Design Systems,10,155500.0,131250.0,162500.0,100000.0,230000.0,90.0,161666.67,100000.0,61666.67
skill,Design Thinking,2,107500.0,83750.0,131250.0,60000.0,155000.0,100.0,107500.0,,
skill,Dev Tools,2,172500.0,171250.0,173750.0,170000.0,175000.0,100.0,172500.0,,
skill,DevOps,157,171248.82,147500.0,200000.0,40815.0,285000.0,57.96,175315.93,165641.14,9674.8
skill,DevRel,4,207500.0,183750.0,216250.0,180000.0,265000.0,0.0,,207500.0,
skill,DevSecOps,5,173000.0,170000.0,200000.0,90000.0,225000.0,60.0,201666.67,130000.0,71666.67
skill,DevTools,5,178000.0,160000.0,200000.0,140000.0,205000.0,60.0,168333.33,192500.0,-24166.67
skill,Developer Advocacy,2,165000.0,157500.0,172500.0,150000.0,180000.0,50.0,180000.0,150000.0,30000.0
skill,Developer Tools,10,200000.0,181250.0,218750.0,170000.0,230000.0,20.0,217500.0,195625.0,21875.0
skill,Development,2,93750.0,83125.0,104375.0,72500.0,115000.0,100.0,93750.0,,
skill,Digital Advertising,2,175000.0,172500.0,177500.0,170000.0,180000.0,50.0,170000.0,180000.0,-10000.0
skill,Digital Forensics,2,265000.0,262500.0,267500.0,260000.0,270000.0,100.0,265000.0,,
skill,Digital Marketing,6,89166.67,77500.0,107500.0,55000.0,110000.0,100.0,89166.67,,
skill,Distributed Systems,63,207741.67,180000.0,240000.0,105000.0,300000.0,52.38,193409.09,223507.5,-30098.41
skill,Django,7,155357.14,132500.0,167500.0,107500.0,230000.0,57.14,145000.0,169166.67,-24166.67
skill,Docker,114,164502.41,140000.0,190000.0,75000.0,300000.0,46.49,160231.6,168213.11,-7981.51
skill,Document Processing,3,128333.33,112500.0,142500.0,100000.0,160000.0,100.0,128333.33,,
skill,Documentation,21,112261.9,85000.0,135000.0,55000.0,200000.0,85.71,110972.22,120000.0,-9027.78
skill,Drones,2,150000.0,142500.0,157500.0,135000.0,165000.0,0.0,,150000.0,
skill,Drug Development,2,110000.0,105000.0,115000.0,100000.0,120000.0,0.0,,110000.0,
skill,E-commerce,28,135250.0,100000.0,162500.0,65000.0,225000.0,67.86,139736.84,125777.78,13959.06
skill,EMR,2,171250.0,166875.0,175625.0,162500.0,180000.0,100.0,171250.0,,
skill,ERP,6,131666.67,116250.0,146250.0,90000.0,180000.0,50.0,113333.33,150000.0,-36666.67
skill,ETL,15,175333.33,125000.0,190000.0,75000.0,375000.0,80.0,147083.33,288333.33,-141250.0
skill,EU Market,4,131250.0,125000.0,138750.0,110000.0,150000.0,100.0,131250.0,,
skill,Ecommerce,2,175000.0,167500.0,182500.0,160000.0,190000.0,50.0,190000.0,160000.0,30000.0
skill,Edge AI,2,135000.0,117500.0,152500.0,100000.0,170000.0,100.0,135000.0,,
skill,Edge Computing,3,171666.67,137500.0,197500.0,120000.0,240000.0,66.67,137500.0,240000.0,-102500.0
skill,Editing,3,126666.67,120000.0,140000.0,100000.0,140000.0,100.0,126666.67,,
skill,Education,5,94500.0,75000.0,115000.0,62500.0,135000.0,60.0,108333.33,73750.0,34583.33
skill,Education Tech,3,149480.0,104970.0,223500.0,1440.0,238500.0,33.33,1440.0,223500.0,-222060.0
skill,Education Technology,7,117857.14,73750.0,147500.0,72500.0,190000.0,71.43,116000.0,122500.0,-6500.0
skill,Electrical Engineering,3,237400.0,187100.0,288600.0,135000.0,338000.0,66.67,236500.0,239200.0,-2700.0
skill,Electronic Health Records,2,130000.0,130000.0,130000.0,130000.0,130000.0,100.0,130000.0,,
skill,Elixir,5,179500.0,162500.0,200000.0,135000.0,235000.0,100.0,179500.0,,
skill,Email,2,170000.0,140000.0,200000.0,110000.0,230000.0,50.0,230000.0,110000.0,120000.0
skill,Email Marketing,4,91875.0,80625.0,111250.0,52500.0,115000.0,100.0,91875.0,,
skill,Embedded Systems,22,156122.73,125000.0,170625.0,75000.0,338000.0,36.36,157875.0,155121.43,2753.57
skill,Employee Benefits,2,97500.0,93750.0,101250.0,90000.0,105000.0,50.0,105000.0,90000.0,15000.0
skill,Employee Relations,3,115833.33,108750.0,121250.0,105000.0,130000.0,100.0,115833.33,,
skill,Employer Branding,3,122500.0,113750.0,128750.0,110000.0,140000.0,100.0,122500.0,,
skill,Encryption,5,205500.0,185000.0,215000.0,185000.0,240000.0,40.0,193750.0,213333.33,-19583.33
skill,Energy,2,145000.0,135000.0,155000.0,125000.0,165000.0,0.0,,145000.0,
skill,Energy Markets,2,172500.0,166250.0,178750.0,160000.0,185000.0,0.0,,172500.0,
skill,Energy Sector,2,122500.0,118750.0,126250.0,115000.0,130000.0,100.0,122500.0,,
skill,Energy Storage,2,147500.0,141250.0,153750.0,135000.0,160000.0,100.0,147500.0,,
skill,Energy Systems,3,165000.0,147500.0,190000.0,115000.0,200000.0,33.33,200000.0,147500.0,52500.0
skill,Engineering,10,146700.0,106250.0,152500.0,100000.0,337000.0,30.0,111666.67,161714.29,-50047.62
skill,Engineering Analysis,2,85000.0,70000.0,100000.0,55000.0,115000.0,0.0,,85000.0,
skill,Engineering Leadership,3,209000.0,200000.0,216000.0,195000.0,227000.0,100.0,209000.0,,
skill,Engineering Management,13,186307.69,180000.0,225000.0,110000.0,250000.0,69.23,191333.33,175000.0,16333.33
skill,Enterprise,8,157500.0,142500.0,190000.0,85000.0,200000.0,37.5,118333.33,181000.0,-62666.67
skill,Enterprise Sales,3,168333.33,145000.0,182500.0,140000.0,215000.0,33.33,140000.0,182500.0,-42500.0
skill,Enterprise Software,11,184793.18,162500.0,208862.5,115000.0,240000.0,54.55,181666.67,188545.0,-6878.33
skill,Enterprise Solutions,2,115000.0,80000.0,150000.0,45000.0,185000.0,0.0,,115000.0,
skill,Entertainment,2,257500.0,236250.0,278750.0,215000.0,300000.0,0.0,,257500.0,
skill,Equity,3,65333.33,8000.0,94000.0,8000.0,180000.0,33.33,180000.0,8000.0,172000.0
skill,Ethereum,2,127500.0,116250.0,138750.0,105000.0,150000.0,100.0,127500.0,,
skill,Europe,2,142500.0,141250.0,143750.0,140000.0,145000.0,100.0,142500.0,,
skill,Excel,5,122500.0,90000.0,170000.0,57500.0,200000.0,80.0,103125.0,200000.0,-96875.0
skill,Executive Support,3,97500.0,73750.0,113750.0,65000.0,145000.0,100.0,97500.0,,
skill,Experimentation,5,203000.0,170000.0,230000.0,140000.0,285000.0,60.0,218333.33,180000.0,38333.33
skill,F&B Logistics,2,135000.0,127500.0,142500.0,120000.0,150000.0,100.0,135000.0,,
skill,FDA Regulations,2,182500.0,166250.0,198750.0,150000.0,215000.0,100.0,182500.0,,
skill,FPGAs,2,155000.0,152500.0,157500.0,150000.0,160000.0,0.0,,155000.0,
skill,FPV Drones,2,140000.0,132500.0,147500.0,125000.0,155000.0,100.0,140000.0,,
skill,FastAPI,15,185000.0,137500.0,222500.0,60000.0,375000.0,73.33,155909.09,265000.0,-109090.91
skill,Feature Flags,2,165000.0,165000.0,165000.0,165000.0,165000.0,100.0,165000.0,,
skill,Field Operations,2,225000.0,225000.0,225000.0,225000.0,225000.0,100.0,225000.0,,
skill,Figma,13,138846.15,115000.0,155000.0,60000.0,225000.0,76.92,148000.0,108333.33,39666.67
skill,FinOps,3,213333.33,200000.0,235000.0,170000.0,240000.0,66.67,235000.0,170000.0,65000.0
skill,FinTech,5,116040.0,90200.0,125000.0,85000.0,165000.0,80.0,103800.0,165000.0,-61200.0
skill,Finance,12,165208.33,128750.0,200000.0,100000.0,275000.0,33.33,151250.0,172187.5,-20937.5
skill,Financial Analysis,2,125000.0,110000.0,140000.0,95000.0,155000.0,100.0,125000.0,,
skill,Financial Inclusion,2,122500.0,98750.0,146250.0,75000.0,170000.0,100.0,122500.0,,
skill,Financial Infrastructure,2,148500.0,114250.0,182750.0,80000.0,217000.0,50.0,217000.0,80000.0,137000.0
skill,Financial Modeling,4,160000.0,142500.0,177500.0,120000.0,200000.0,0.0,,160000.0,
skill,Financial Regulations,2,197500.0,181250.0,213750.0,165000.0,230000.0,50.0,230000.0,165000.0,65000.0
skill,Financial Reporting,2,135000.0,117500.0,152500.0,100000.0,170000.0,100.0,135000.0,,
skill,Financial Services,2,226975.0,208487.5,245462.5,190000.0,263950.0,100.0,226975.0,,
skill,Financial Systems,8,203125.0,185000.0,206250.0,135000.0,300000.0,62.5,201000.0,206666.67,-5666.67
skill,Financial Technology,5,75700.0,8000.0,120000.0,8000.0,160000.0,80.0,92625.0,8000.0,84625.0
skill,Fingerprinting,2,120000.0,105000.0,135000.0,90000.0,150000.0,50.0,90000.0,150000.0,-60000.0
skill,Fintech,33,147500.0,110000.0,185000.0,35000.0,230000.0,51.52,145000.0,150156.25,-5156.25
skill,Firmware,5,154000.0,135000.0,200000.0,60000.0,220000.0,20.0,155000.0,153750.0,1250.0
skill,Flexible,2,28080.0,24440.0,31720.0,20800.0,35360.0,100.0,28080.0,,
skill,Flutter,8,142500.0,100000.0,185000.0,95000.0,190000.0,87.5,148571.43,100000.0,48571.43
skill,Foundation Models,2,172500.0,161250.0,183750.0,150000.0,195000.0,100.0,172500.0,,
skill,Fraud Detection,5,151000.0,130000.0,200000.0,75000.0,200000.0,60.0,158333.33,140000.0,18333.33
skill,Freelance,3,47053.33,28080.0,60180.0,20800.0,85000.0,100.0,47053.33,,
skill,Front-End Development,2,170000.0,160000.0,180000.0,150000.0,190000.0,50.0,190000.0,150000.0,40000.0
skill,Frontend,52,153730.77,118750.0,192500.0,45000.0,265000.0,46.15,133041.67,171464.29,-38422.62
skill,Frontend Development,9,130000.0,100000.0,155000.0,50000.0,185000.0,66.67,125000.0,140000.0,-15000.0
skill,Frontend Engineering,4,152500.0,130000.0,177500.0,100000.0,200000.0,50.0,155000.0,150000.0,5000.0
skill,Full Stack,60,155833.33,123750.0,185000.0,40000.0,260000.0,33.33,157125.0,155187.5,1937.5
skill,Full Stack Development,24,147604.17,133750.0,173750.0,15000.0,230000.0,37.5,144444.44,149500.0,-5055.56
skill,Full-Stack,58,157370.69,125000.0,185000.0,15000.0,275000.0,51.72,152916.67,162142.86,-9226.19
skill,Full-Stack Development,28,153928.57,123750.0,172500.0,105000.0,285000.0,42.86,153333.33,154375.0,-1041.67
skill,Full-stack,32,166437.5,148750.0,200000.0,8000.0,260000.0,56.25,153777.78,182714.29,-28936.51
skill,Full-stack Development,12,138541.67,118750.0,170000.0,42500.0,200000.0,41.67,146500.0,132857.14,13642.86
skill,Full-stack Engineering,2,140000.0,112500.0,167500.0,85000.0,195000.0,50.0,195000.0,85000.0,110000.0
skill,Fullstack,14,173214.29,152500.0,197500.0,115000.0,230000.0,50.0,158571.43,187857.14,-29285.71
skill,Fullstack Development,10,146500.0,121250.0,172500.0,85000.0,195000.0,20.0,172500.0,140000.0,32500.0
skill,Fundraising,2,173750.0,123125.0,224375.0,72500.0,275000.0,100.0,173750.0,,
skill,GCP,22,167272.73,132500.0,188750.0,102500.0,250000.0,68.18,165166.67,171785.71,-6619.05
skill,GIS,5,142000.0,115000.0,150000.0,110000.0,200000.0,20.0,200000.0,127500.0,72500.0
skill,GPU,5,197500.0,170000.0,215000.0,160000.0,260000.0,20.0,160000.0,206875.0,-46875.0
skill,GPU Computing,2,200000.0,175000.0,225000.0,150000.0,250000.0,50.0,150000.0,250000.0,-100000.0
skill,GPU Programming,3,195000.0,185000.0,200000.0,185000.0,215000.0,66.67,185000.0,215000.0,-30000.0
skill,GPUs,3,150000.0,145000.0,155000.0,140000.0,160000.0,33.33,140000.0,155000.0,-15000.0
skill,GTM,3,141666.67,137500.0,145000.0,135000.0,150000.0,100.0,141666.67,,
skill,Game Art,2,137500.0,131250.0,143750.0,125000.0,150000.0,100.0,137500.0,,
skill,Game Design,3,85000.0,70000.0,95000.0,65000.0,115000.0,100.0,85000.0,,
skill,Game Development,14,119642.86,115000.0,123750.0,50000.0,215000.0,64.29,117222.22,124000.0,-6777.78
skill,GenAI,3,210000.0,200000.0,215000.0,200000.0,230000.0,100.0,210000.0,,
skill,Gene Sequencing,3,263333.33,260000.0,270000.0,250000.0,270000.0,0.0,,263333.33,
skill,General Software,2,105000.0,102500.0,107500.0,100000.0,110000.0,0.0,,105000.0,
skill,Generalist Development,2,155000.0,140000.0,170000.0,125000.0,185000.0,100.0,155000.0,,
skill,Generative AI,11,175681.82,145000.0,200000.0,77500.0,250000.0,54.55,178333.33,172500.0,5833.33
skill,Genomics,4,122500.0,97500.0,135000.0,90000.0,180000.0,25.0,180000.0,103333.33,76666.67
skill,Geolocation,2,71500.0,37250.0,105750.0,3000.0,140000.0,100.0,71500.0,,
skill,Geopolitical Analysis,2,148750.0,128125.0,169375.0,107500.0,190000.0,50.0,107500.0,190000.0,-82500.0
skill,Geospatial,3,145833.33,125000.0,163750.0,110000.0,187500.0,66.67,125000.0,187500.0,-62500.0
skill,Geospatial AI,2,112500.0,111250.0,113750.0,110000.0,115000.0,100.0,112500.0,,
skill,Geospatial Data,3,138333.33,115000.0,150000.0,115000.0,185000.0,0.0,,138333.33,
skill,Git,23,139782.61,100000.0,175000.0,15000.0,250000.0,52.17,162916.67,114545.45,48371.21
skill,Global,2,132500.0,116250.0,148750.0,100000.0,165000.0,100.0,132500.0,,
skill,Global Employment,2,108750.0,106875.0,110625.0,105000.0,112500.0,100.0,108750.0,,
skill,Go,65,171769.23,150000.0,200000.0,45000.0,265000.0,56.92,162567.57,183928.57,-21361.0
skill,Go-to-Market,3,185000.0,170000.0,192500.0,170000.0,215000.0,33.33,170000.0,192500.0,-22500.0
skill,Golang,8,168125.0,158750.0,175000.0,125000.0,210000.0,25.0,185000.0,162500.0,22500.0
skill,Governance,3,160000.0,147500.0,167500.0,145000.0,185000.0,66.67,147500.0,185000.0,-37500.0
skill,Government,2,145000.0,122500.0,167500.0,100000.0,190000.0,50.0,100000.0,190000.0,-90000.0
skill,Government Contracts,3,106666.67,85000.0,132500.0,55000.0,150000.0,33.33,150000.0,85000.0,65000.0
skill,GraphQL,8,163125.0,145000.0,173750.0,135000.0,190000.0,75.0,157500.0,180000.0,-22500.0
skill,Graphics Programming,2,180000.0,175000.0,185000.0,170000.0,190000.0,100.0,180000.0,,
skill,Greenhouse,2,197500.0,188750.0,206250.0,180000.0,215000.0,50.0,180000.0,215000.0,-35000.0
skill,Growth,8,175000.0,150000.0,190000.0,125000.0,250000.0,62.5,194000.0,143333.33,50666.67
skill,Growth Marketing,3,125000.0,102500.0,140000.0,95000.0,170000.0,33.33,110000.0,132500.0,-22500.0
skill,HCM,2,127500.0,116250.0,138750.0,105000.0,150000.0,100.0,127500.0,,
skill,HIPAA Compliance,2,86250.0,64375.0,108125.0,42500.0,130000.0,100.0,86250.0,,
skill,HPC,7,162480.0,145000.0,182500.0,87360.0,230000.0,71.43,154472.0,182500.0,-28028.0
skill,HR,4,86875.0,69375.0,98750.0,60000.0,125000.0,75.0,85833.33,90000.0,-4166.67
skill,HR Compliance,2,108750.0,106875.0,110625.0,105000.0,112500.0,100.0,108750.0,,
skill,HR Systems,2,157500.0,153750.0,161250.0,150000.0,165000.0,0.0,,157500.0,
skill,HRIS,3,108333.33,105000.0,110000.0,105000.0,115000.0,100.0,108333.33,,
skill,HTML,3,135000.0,132500.0,137500.0,130000.0,140000.0,66.67,137500.0,130000.0,7500.0
skill,HTML5,2,105000.0,100000.0,110000.0,95000.0,115000.0,100.0,105000.0,,
skill,Hackathons,2,177500.0,158750.0,196250.0,140000.0,215000.0,100.0,177500.0,,
skill,Hardware,14,170000.0,136250.0,198750.0,100000.0,230000.0,50.0,139285.71,200714.29,-61428.57
skill,Hardware Design,3,191400.0,167500.0,222100.0,130000.0,239200.0,66.67,167500.0,239200.0,-71700.0
skill,Hardware Development,2,274000.0,242000.0,306000.0,210000.0,338000.0,100.0,274000.0,,
skill,Hardware Integration,8,132937.5,109625.0,158750.0,85000.0,185000.0,37.5,153333.33,120700.0,32633.33
skill,Health Tech,3,143333.33,125000.0,155000.0,120000.0,180000.0,100.0,143333.33,,
skill,Healthcare,45,163477.78,130000.0,197500.0,60000.0,270000.0,57.78,149673.08,182368.42,-32695.34
skill,Healthcare AI,2,230000.0,210000.0,250000.0,190000.0,270000.0,50.0,190000.0,270000.0,-80000.0
skill,Healthcare APIs,4,136250.0,118750.0,152500.0,85000.0,190000.0,50.0,160000.0,112500.0,47500.0
skill,Healthcare Analytics,2,240000.0,235000.0,245000.0,230000.0,250000.0,100.0,240000.0,,
skill,Healthcare Data,6,174166.67,172500.0,200000.0,90000.0,215000.0,83.33,166000.0,215000.0,-49000.0
skill,Healthcare IT,3,148333.33,140000.0,157500.0,130000.0,165000.0,66.67,140000.0,165000.0,-25000.0
skill,Healthcare Software,2,167500.0,151250.0,183750.0,135000.0,200000.0,50.0,135000.0,200000.0,-65000.0
skill,Healthcare Systems,3,180000.0,170000.0,192500.0,155000.0,200000.0,66.67,192500.0,155000.0,37500.0
skill,Healthcare Tech,2,150000.0,142500.0,157500.0,135000.0,165000.0,50.0,135000.0,165000.0,-30000.0
skill,Healthcare Technology,15,178666.67,165000.0,185000.0,70000.0,285000.0,60.0,175000.0,184166.67,-9166.67
skill,High-Frequency Trading,4,215000.0,185000.0,235000.0,125000.0,325000.0,0.0,,215000.0,
skill,High-Performance Computing,2,212500.0,181250.0,243750.0,150000.0,275000.0,50.0,150000.0,275000.0,-125000.0
skill,High-Performance Systems,2,162500.0,136250.0,188750.0,110000.0,215000.0,50.0,215000.0,110000.0,105000.0
skill,Higher Education,2,105000.0,95000.0,115000.0,85000.0,125000.0,100.0,105000.0,,
skill,HubSpot,2,56250.0,54375.0,58125.0,52500.0,60000.0,100.0,56250.0,,
skill,Human-Computer Interaction,2,205000.0,205000.0,205000.0,205000.0,205000.0,0.0,,205000.0,
skill,IT,2,147500.0,141250.0,153750.0,135000.0,160000.0,50.0,135000.0,160000.0,-25000.0
skill,IT Management,3,171666.67,147500.0,190000.0,135000.0,220000.0,66.67,147500.0,220000.0,-72500.0
skill,Iceberg,2,175000.0,142500.0,207500.0,110000.0,240000.0,0.0,,175000.0,
skill,Identity Management,5,153000.0,135000.0,175000.0,85000.0,200000.0,80.0,141250.0,200000.0,-58750.0
skill,Identity Verification,2,175000.0,162500.0,187500.0,150000.0,200000.0,0.0,,175000.0,
skill,Image Generation,2,195000.0,190000.0,200000.0,185000.0,205000.0,50.0,185000.0,205000.0,-20000.0
skill,Image Processing,2,132500.0,123750.0,141250.0,115000.0,150000.0,50.0,150000.0,115000.0,35000.0
skill,Incident Management,3,149166.67,117500.0,173750.0,100000.0,212500.0,66.67,117500.0,212500.0,-95000.0
skill,Incident Response,6,166250.0,131250.0,201875.0,85000.0,215000.0,83.33,182500.0,85000.0,97500.0
skill,Industrial Automation,2,166750.0,130125.0,203375.0,93500.0,240000.0,0.0,,166750.0,
skill,Inference,3,262333.33,225000.0,293500.0,200000.0,337000.0,33.33,250000.0,268500.0,-18500.0
skill,Influencer Marketing,2,140000.0,125000.0,155000.0,110000.0,170000.0,100.0,140000.0,,
skill,Infrastructure,60,189275.0,155000.0,215000.0,100000.0,375000.0,51.67,176548.39,202879.31,-26330.92
skill,Infrastructure Engineering,2,190000.0,185000.0,195000.0,180000.0,200000.0,50.0,180000.0,200000.0,-20000.0
skill,Infrastructure-as-Code,3,101666.67,100000.0,105000.0,95000.0,105000.0,100.0,101666.67,,
skill,Innovation,2,162500.0,151250.0,173750.0,140000.0,185000.0,50.0,185000.0,140000.0,45000.0
skill,Insurance,10,159000.0,156250.0,170000.0,85000.0,205000.0,30.0,145000.0,165000.0,-20000.0
skill,Insurance Tech,5,159500.0,155000.0,190000.0,60000.0,237500.0,20.0,60000.0,184375.0,-124375.0
skill,Insurance Technology,2,170000.0,167500.0,172500.0,165000.0,175000.0,0.0,,170000.0,
skill,Integration,12,127708.33,88750.0,170000.0,55000.0,200000.0,83.33,114750.0,192500.0,-77750.0
skill,Integrations,4,136250.0,123750.0,155000.0,105000.0,155000.0,25.0,105000.0,146666.67,-41666.67
skill,Internal Tools,2,125000.0,117500.0,132500.0,110000.0,140000.0,50.0,140000.0,110000.0,30000.0
skill,Interviewing,2,113750.0,111875.0,115625.0,110000.0,117500.0,100.0,113750.0,,
skill,Intrusion Detection,2,190000.0,190000.0,190000.0,190000.0,190000.0,0.0,,190000.0,
skill,Investment,3,126666.67,122500.0,132500.0,115000.0,135000.0,100.0,126666.67,,
skill,Investment Strategies,2,152500.0,136250.0,168750.0,120000.0,185000.0,0.0,,152500.0,
skill,IoT,19,155789.47,120000.0,187500.0,75000.0,250000.0,63.16,156666.67,154285.71,2380.95
skill,JVM,2,137500.0,126250.0,148750.0,115000.0,160000.0,0.0,,137500.0,
skill,Java,51,167328.92,132500.0,196500.0,75000.0,293500.0,47.06,176761.46,158944.44,17817.01
skill,JavaScript,224,153219.87,125000.0,185000.0,15000.0,260000.0,53.12,152539.92,153990.48,-1450.56
skill,Jira,2,122500.0,118750.0,126250.0,115000.0,130000.0,100.0,122500.0,,
skill,KYC,2,175000.0,147500.0,202500.0,120000.0,230000.0,100.0,175000.0,,
skill,Kafka,4,201250.0,185000.0,216250.0,155000.0,250000.0,75.0,185000.0,250000.0,-65000.0
skill,Kernel,2,172500.0,171250.0,173750.0,170000.0,175000.0,100.0,172500.0,,
skill,Knowledge Graphs,7,178571.43,160000.0,192500.0,155000.0,220000.0,28.57,192500.0,173000.0,19500.0
skill,Knowledge Representation,3,148333.33,135000.0,162500.0,120000.0,175000.0,100.0,148333.33,,
skill,Kotlin,10,167850.0,141250.0,196250.0,85000.0,238500.0,60.0,180000.0,149625.0,30375.0
skill,Kotlin Multiplatform,2,142500.0,138750.0,146250.0,135000.0,150000.0,100.0,142500.0,,
skill,Kubernetes,111,168754.73,140000.0,200000.0,45000.0,293500.0,50.45,162004.91,175627.27,-13622.36
skill,LLM,14,158928.57,113750.0,207500.0,40000.0,250000.0,42.86,185000.0,139375.0,45625.0
skill,LLMs,32,150812.5,122500.0,181250.0,8000.0,250000.0,46.88,149033.33,152382.35,-3349.02
skill,Labor Law,2,108750.0,106875.0,110625.0,105000.0,112500.0,100.0,108750.0,,
skill,Language Processing,2,28080.0,24440.0,31720.0,20800.0,35360.0,100.0,28080.0,,
skill,Laravel,3,86666.67,80000.0,90000.0,80000.0,100000.0,0.0,,86666.67,
skill,Law Enforcement Tech,2,265000.0,262500.0,267500.0,260000.0,270000.0,100.0,265000.0,,
skill,Lead Qualification,2,53750.0,50625.0,56875.0,47500.0,60000.0,100.0,53750.0,,
skill,Leadership,19,217500.0,187500.0,260000.0,130000.0,300000.0,84.21,219375.0,207500.0,11875.0
skill,Legacy Systems,5,181500.0,170000.0,205000.0,135000.0,205000.0,40.0,170000.0,189166.67,-19166.67
skill,Legal Tech,12,125000.0,87500.0,170000.0,40000.0,240000.0,50.0,98333.33,151666.67,-53333.33
skill,Life Sciences,4,133750.0,116250.0,157500.0,90000.0,165000.0,25.0,165000.0,123333.33,41666.67
skill,Lightning,2,93750.0,91875.0,95625.0,90000.0,97500.0,100.0,93750.0,,
skill,Linux,33,167575.76,130000.0,200000.0,90000.0,325000.0,63.64,165714.29,170833.33,-5119.05
skill,Logistics,7,133214.29,105000.0,162500.0,72500.0,200000.0,57.14,111875.0,161666.67,-49791.67
skill,London,2,115000.0,107500.0,122500.0,100000.0,130000.0,50.0,130000.0,100000.0,30000.0
skill,Low-latency Systems,2,150000.0,132500.0,167500.0,115000.0,185000.0,100.0,150000.0,,
skill,Low-level Programming,2,172500.0,143750.0,201250.0,115000.0,230000.0,50.0,115000.0,230000.0,-115000.0
skill,M&A,3,200000.0,162500.0,245000.0,110000.0,275000.0,33.33,275000.0,162500.0,112500.0
skill,ML,6,158333.33,140000.0,173750.0,135000.0,200000.0,50.0,173333.33,143333.33,30000.0
skill,ML Engineering,2,215000.0,202500.0,227500.0,190000.0,240000.0,0.0,,215000.0,
skill,ML Infrastructure,2,200000.0,192500.0,207500.0,185000.0,215000.0,50.0,215000.0,185000.0,30000.0
skill,ML Platform,2,283500.0,256750.0,310250.0,230000.0,337000.0,0.0,,283500.0,
skill,ML Platforms,2,247500.0,238750.0,256250.0,230000.0,265000.0,0.0,,247500.0,
skill,ML Systems,3,173333.33,145000.0,195000.0,130000.0,230000.0,0.0,,173333.33,
skill,MLOps,7,187142.86,152500.0,215000.0,135000.0,270000.0,57.14,191250.0,181666.67,9583.33
skill,MVP,2,140000.0,140000.0,140000.0,140000.0,140000.0,100.0,140000.0,,
skill,Machine Learning,218,183416.17,155000.0,210000.0,35000.0,337000.0,39.91,183203.74,183557.25,-353.52
skill,Management,3,130000.0,112500.0,152500.0,85000.0,165000.0,66.67,112500.0,165000.0,-52500.0
skill,Manufacturing,12,147083.33,128750.0,180000.0,55000.0,200000.0,33.33,116250.0,162500.0,-46250.0
skill,Manufacturing Systems,2,126750.0,110125.0,143375.0,93500.0,160000.0,0.0,,126750.0,
skill,Market Analysis,15,152666.67,112500.0,175000.0,72500.0,285000.0,86.67,155000.0,137500.0,17500.0
skill,Market Data,2,100000.0,75000.0,125000.0,50000.0,150000.0,100.0,100000.0,,
skill,Market Development,2,82500.0,82500.0,82500.0,82500.0,82500.0,100.0,82500.0,,
skill,Market Intelligence,2,203750.0,199375.0,208125.0,195000.0,212500.0,100.0,203750.0,,
skill,Market Research,10,148750.0,95000.0,203750.0,57500.0,285000.0,90.0,141388.89,215000.0,-73611.11
skill,Marketing,12,144286.67,111250.0,185000.0,1440.0,250000.0,58.33,133062.86,160000.0,-26937.14
skill,Marketing Analytics,2,82500.0,68750.0,96250.0,55000.0,110000.0,100.0,82500.0,,
skill,Marketing Automation,3,109166.67,88750.0,137500.0,52500.0,150000.0,100.0,109166.67,,
skill,Marketing Platforms,2,147500.0,138750.0,156250.0,130000.0,165000.0,100.0,147500.0,,
skill,Marketing Technology,3,163333.33,152500.0,177500.0,135000.0,185000.0,33.33,185000.0,152500.0,32500.0
skill,Marketplace,3,151666.67,137500.0,170000.0,115000.0,180000.0,33.33,180000.0,137500.0,42500.0
skill,Materials Science,4,153750.0,151250.0,157500.0,140000.0,165000.0,50.0,152500.0,155000.0,-2500.0
skill,Mathematics,3,133333.33,92500.0,157500.0,85000.0,215000.0,33.33,215000.0,92500.0,122500.0
skill,Maya,4,130000.0,123750.0,131250.0,120000.0,150000.0,100.0,130000.0,,
skill,Mechanical Engineering,5,134000.0,125000.0,150000.0,110000.0,155000.0,20.0,130000.0,135000.0,-5000.0
skill,Medical Billing,3,171666.67,165000.0,175000.0,165000.0,185000.0,33.33,185000.0,165000.0,20000.0
skill,Medical Devices,7,155714.29,132500.0,187500.0,85000.0,215000.0,71.43,143000.0,187500.0,-44500.0
skill,Medical Writing,2,140000.0,140000.0,140000.0,140000.0,140000.0,100.0,140000.0,,
skill,Meeting Coordination,2,72500.0,67500.0,77500.0,62500.0,82500.0,100.0,72500.0,,
skill,Mentoring,2,172500.0,153750.0,191250.0,135000.0,210000.0,50.0,135000.0,210000.0,-75000.0
skill,Microservices,49,172565.82,155000.0,200000.0,45000.0,250000.0,59.18,177155.17,165911.25,11243.92
skill,Microsoft Office,2,58750.0,56875.0,60625.0,55000.0,62500.0,100.0,58750.0,,
skill,Migration,2,140000.0,120000.0,160000.0,100000.0,180000.0,100.0,140000.0,,
skill,Mobile,9,183333.33,160000.0,210000.0,130000.0,225000.0,66.67,186666.67,176666.67,10000.0
skill,Mobile Apps,4,132500.0,107500.0,155000.0,100000.0,170000.0,100.0,132500.0,,
skill,Mobile Development,35,135142.86,112500.0,175000.0,3000.0,238500.0,60.0,126976.19,147392.86,-20416.67
skill,Model Deployment,2,212500.0,198750.0,226250.0,185000.0,240000.0,50.0,185000.0,240000.0,-55000.0
skill,Modeling,3,159166.67,153750.0,165000.0,147500.0,170000.0,66.67,165000.0,147500.0,17500.0
skill,MongoDB,8,198750.0,147500.0,252500.0,125000.0,275000.0,25.0,170000.0,208333.33,-38333.33
skill,Monitoring,36,170263.89,145625.0,200000.0,80000.0,240000.0,69.44,173880.0,162045.45,11834.55
skill,Motion Capture,2,122500.0,121250.0,123750.0,120000.0,125000.0,100.0,122500.0,,
skill,Motor Control,2,150000.0,142500.0,157500.0,135000.0,165000.0,0.0,,150000.0,
skill,Multi-agent Systems,2,127500.0,81250.0,173750.0,35000.0,220000.0,50.0,35000.0,220000.0,-185000.0
skill,Multiplayer,2,107500.0,101250.0,113750.0,95000.0,120000.0,50.0,95000.0,120000.0,-25000.0
skill,MySQL,3,183333.33,182500.0,185000.0,180000.0,185000.0,100.0,183333.33,,
skill,NLP,12,166458.33,150000.0,200000.0,35000.0,250000.0,58.33,159285.71,176500.0,-17214.29
skill,NYC,4,163750.0,132500.0,201250.0,65000.0,250000.0,50.0,125000.0,202500.0,-77500.0
skill,Natural Language Processing,12,160208.33,123750.0,201250.0,45000.0,215000.0,33.33,130000.0,175312.5,-45312.5
skill,Negotiation,27,126481.48,91250.0,150000.0,62500.0,240000.0,96.3,125576.92,150000.0,-24423.08
skill,NestJS,2,130000.0,115000.0,145000.0,100000.0,160000.0,50.0,100000.0,160000.0,-60000.0
skill,Network Security,4,175000.0,165000.0,185000.0,150000.0,200000.0,75.0,176666.67,170000.0,6666.67
skill,Networking,33,160606.06,115000.0,190000.0,85000.0,325000.0,72.73,149375.0,190555.56,-41180.56
skill,Next.js,14,127714.29,64375.0,162500.0,8000.0,300000.0,64.29,108111.11,163000.0,-54888.89
skill,NextJS,2,180000.0,175000.0,185000.0,170000.0,190000.0,0.0,,180000.0,
skill,Node.js,149,152337.68,125000.0,175000.0,40815.0,250000.0,46.31,155471.01,149635.19,5835.83
skill,Nonprofit,3,121666.67,85000.0,146250.0,72500.0,195000.0,100.0,121666.67,,
skill,OCR,2,95000.0,67500.0,122500.0,40000.0,150000.0,50.0,150000.0,40000.0,110000.0
skill,OLAP,4,210000.0,200000.0,222500.0,185000.0,230000.0,100.0,210000.0,,
skill,ONVIF,3,121666.67,107500.0,132500.0,100000.0,150000.0,33.33,100000.0,132500.0,-32500.0
skill,OS,2,172500.0,143750.0,201250.0,115000.0,230000.0,0.0,,172500.0,
skill,OSINT,2,55250.0,29125.0,81375.0,3000.0,107500.0,100.0,55250.0,,
skill,Objective-C,2,172500.0,168750.0,176250.0,165000.0,180000.0,50.0,165000.0,180000.0,-15000.0
skill,Observability,8,152500.0,140000.0,185000.0,80000.0,200000.0,37.5,163333.33,146000.0,17333.33
skill,Okta,2,162500.0,156250.0,168750.0,150000.0,175000.0,50.0,175000.0,150000.0,25000.0
skill,Onboarding,6,106250.0,73125.0,122500.0,60000.0,200000.0,100.0,106250.0,,
skill,Open Source,25,173608.0,160000.0,190000.0,90200.0,250000.0,76.0,168694.74,189166.67,-20471.93
skill,Open Source Intelligence,2,188750.0,188125.0,189375.0,187500.0,190000.0,0.0,,188750.0,
skill,OpenTelemetry,4,151250.0,136250.0,185000.0,80000.0,185000.0,50.0,185000.0,117500.0,67500.0
skill,Operational Excellence,2,142500.0,113750.0,171250.0,85000.0,200000.0,100.0,142500.0,,
skill,Operations,3,130000.0,120000.0,137500.0,115000.0,150000.0,66.67,120000.0,150000.0,-30000.0
skill,Operations Management,2,152500.0,148750.0,156250.0,145000.0,160000.0,100.0,152500.0,,
skill,Optimization,8,183125.0,168750.0,207500.0,140000.0,215000.0,62.5,175000.0,196666.67,-21666.67
skill,Orchestration,4,173750.0,136250.0,210000.0,110000.0,240000.0,25.0,145000.0,183333.33,-38333.33
skill,Organization,7,67500.0,61250.0,73750.0,55000.0,82500.0,100.0,67500.0,,
skill,P2P,2,175000.0,172500.0,177500.0,170000.0,180000.0,100.0,175000.0,,
skill,PHP,5,124000.0,100000.0,165000.0,85000.0,170000.0,60.0,121666.67,127500.0,-5833.33
skill,PM,2,235000.0,222500.0,247500.0,210000.0,260000.0,0.0,,235000.0,
skill,Pandas,2,167500.0,146250.0,188750.0,125000.0,210000.0,100.0,167500.0,,
skill,Part-time,2,28080.0,24440.0,31720.0,20800.0,35360.0,100.0,28080.0,,
skill,Particle Systems,2,132500.0,123750.0,141250.0,115000.0,150000.0,100.0,132500.0,,
skill,Partner Management,2,108750.0,104375.0,113125.0,100000.0,117500.0,100.0,108750.0,,
skill,Partnership Development,3,126666.67,105000.0,147500.0,85000.0,170000.0,100.0,126666.67,,
skill,Partnerships,4,106250.0,98750.0,112500.0,95000.0,120000.0,50.0,105000.0,107500.0,-2500.0
skill,Payment Processing,2,150000.0,130000.0,170000.0,110000.0,190000.0,100.0,150000.0,,
skill,Payment Systems,2,208500.0,204250.0,212750.0,200000.0,217000.0,100.0,208500.0,,
skill,Payments,4,173125.0,161250.0,189375.0,135000.0,202500.0,50.0,186250.0,160000.0,26250.0
skill,Payroll,6,162083.33,112500.0,181875.0,90000.0,300000.0,66.67,120000.0,246250.0,-126250.0
skill,Penetration Testing,3,143333.33,125000.0,165000.0,100000.0,180000.0,66.67,165000.0,100000.0,65000.0
skill,People Operations,2,132500.0,123750.0,141250.0,115000.0,150000.0,100.0,132500.0,,
skill,Performance,5,175000.0,160000.0,175000.0,140000.0,230000.0,80.0,161250.0,230000.0,-68750.0
skill,Performance Engineering,3,201666.67,182500.0,235000.0,135000.0,240000.0,66.67,235000.0,135000.0,100000.0
skill,Performance Management,4,115625.0,110625.0,118750.0,105000.0,130000.0,100.0,115625.0,,
skill,Performance Optimization,14,167642.86,118750.0,213750.0,50000.0,325000.0,57.14,152750.0,187500.0,-34750.0
skill,Performance Tuning,2,185000.0,182500.0,187500.0,180000.0,190000.0,100.0,185000.0,,
skill,Personal Agents,2,202500.0,201250.0,203750.0,200000.0,205000.0,50.0,200000.0,205000.0,-5000.0
skill,Pharmaceutical,5,129000.0,110000.0,140000.0,100000.0,155000.0,100.0,129000.0,,
skill,Phoenix,2,185000.0,160000.0,210000.0,135000.0,235000.0,100.0,185000.0,,
skill,Physics,3,143333.33,107500.0,165000.0,100000.0,215000.0,33.33,215000.0,107500.0,107500.0
skill,Physics Modeling,2,74250.0,64625.0,83875.0,55000.0,93500.0,0.0,,74250.0,
skill,Pipeline Management,3,138333.33,127500.0,147500.0,120000.0,160000.0,100.0,138333.33,,
skill,Platform,6,155000.0,131250.0,183750.0,100000.0,190000.0,50.0,173333.33,136666.67,36666.67
skill,Platform Development,13,179615.38,155000.0,215000.0,110000.0,285000.0,30.77,193750.0,173333.33,20416.67
skill,Platform Engineering,24,193479.17,172500.0,215000.0,115000.0,265000.0,54.17,189807.69,197818.18,-8010.49
skill,Platform Strategy,2,175000.0,170000.0,180000.0,165000.0,185000.0,100.0,175000.0,,
skill,Playwright,2,185000.0,185000.0,185000.0,185000.0,185000.0,100.0,185000.0,,
skill,Policy Development,6,140416.67,106875.0,155000.0,105000.0,230000.0,100.0,140416.67,,
skill,PostgreSQL,97,155680.41,130000.0,170000.0,52500.0,375000.0,59.79,155560.34,155858.97,-298.63
skill,Postgres,9,186111.11,170000.0,185000.0,105000.0,300000.0,22.22,145000.0,197857.14,-52857.14
skill,Power Systems,2,187100.0,161050.0,213150.0,135000.0,239200.0,50.0,135000.0,239200.0,-104200.0
skill,Prediction Markets,2,150000.0,125000.0,175000.0,100000.0,200000.0,0.0,,150000.0,
skill,Presentation Software,2,170000.0,165000.0,175000.0,160000.0,180000.0,100.0,170000.0,,
skill,Preventive Care,2,192500.0,178750.0,206250.0,165000.0,220000.0,100.0,192500.0,,
skill,Prioritization,2,127500.0,101250.0,153750.0,75000.0,180000.0,50.0,75000.0,180000.0,-105000.0
skill,Privacy,10,190100.0,166250.0,239375.0,100000.0,249250.0,60.0,183916.67,199375.0,-15458.33
skill,Private Equity,2,222500.0,218750.0,226250.0,215000.0,230000.0,50.0,230000.0,215000.0,15000.0
skill,Probabilistic Computing,2,147500.0,133750.0,161250.0,120000.0,175000.0,100.0,147500.0,,
skill,Problem Solving,28,113125.0,82500.0,135000.0,45000.0,270000.0,75.0,112500.0,115000.0,-2500.0
skill,Process Improvement,10,140500.0,127500.0,158750.0,95000.0,185000.0,100.0,140500.0,,
skill,Process Optimization,2,157500.0,141250.0,173750.0,125000.0,190000.0,100.0,157500.0,,
skill,Procurement,2,192500.0,188750.0,196250.0,185000.0,200000.0,0.0,,192500.0,
skill,Product,4,175000.0,122500.0,202500.0,100000.0,300000.0,75.0,133333.33,300000.0,-166666.67
skill,Product Analytics,2,165000.0,165000.0,165000.0,165000.0,165000.0,100.0,165000.0,,
skill,Product Design,12,150416.67,145000.0,170000.0,60000.0,200000.0,66.67,150000.0,151250.0,-1250.0
skill,Product Development,39,169294.87,137500.0,192500.0,82500.0,300000.0,46.15,155138.89,181428.57,-26289.68
skill,Product Engineering,29,173189.66,150000.0,190000.0,100000.0,375000.0,62.07,163194.44,189545.45,-26351.01
skill,Product Knowledge,4,81875.0,56875.0,97500.0,47500.0,135000.0,75.0,80833.33,85000.0,-4166.67
skill,Product Management,36,148250.0,115000.0,172500.0,60000.0,285000.0,63.89,155869.57,134769.23,21100.33
skill,Product Marketing,2,215000.0,215000.0,215000.0,215000.0,215000.0,50.0,215000.0,215000.0,0.0
skill,Product Strategy,12,179583.33,146250.0,215000.0,110000.0,285000.0,75.0,176666.67,188333.33,-11666.67
skill,Production Systems,3,138333.33,130000.0,152500.0,110000.0,155000.0,33.33,150000.0,132500.0,17500.0
skill,Program Management,7,157142.86,130000.0,160000.0,120000.0,250000.0,85.71,163333.33,120000.0,43333.33
skill,Project Coordination,3,77500.0,73750.0,83750.0,65000.0,85000.0,100.0,77500.0,,
skill,Project Management,47,128106.38,108750.0,152500.0,8000.0,215000.0,74.47,128642.86,126541.67,2101.19
skill,Prometheus,2,180000.0,165000.0,195000.0,150000.0,210000.0,100.0,180000.0,,
skill,Prompt Engineering,2,157500.0,111250.0,203750.0,65000.0,250000.0,50.0,65000.0,250000.0,-185000.0
skill,Proptech,2,180000.0,155000.0,205000.0,130000.0,230000.0,100.0,180000.0,,
skill,Protocol Development,2,175000.0,160000.0,190000.0,145000.0,205000.0,100.0,175000.0,,
skill,Protocol Engineering,2,187500.0,181250.0,193750.0,175000.0,200000.0,50.0,175000.0,200000.0,-25000.0
skill,Prototyping,14,156285.71,118750.0,187500.0,60000.0,338000.0,78.57,154818.18,161666.67,-6848.48
skill,Pulumi,2,105000.0,105000.0,105000.0,105000.0,105000.0,100.0,105000.0,,
skill,PyTorch,33,192316.67,170000.0,230000.0,75000.0,300000.0,39.39,179534.62,200625.0,-21090.38
skill,Python,537,167225.02,135000.0,200000.0,15000.0,375000.0,45.81,163405.83,170453.61,-7047.77
skill,QA,3,130000.0,115000.0,142500.0,105000.0,160000.0,66.67,115000.0,160000.0,-45000.0
skill,QSBS,2,135000.0,117500.0,152500.0,100000.0,170000.0,50.0,100000.0,170000.0,-70000.0
skill,QUIC,2,115000.0,115000.0,115000.0,115000.0,115000.0,100.0,115000.0,,
skill,Quality Assurance,7,84808.57,48930.0,120000.0,20800.0,170000.0,85.71,88526.67,62500.0,26026.67
skill,Quality Control,3,70000.0,50000.0,82500.0,45000.0,110000.0,100.0,70000.0,,
skill,Quantitative Analysis,2,202500.0,201250.0,203750.0,200000.0,205000.0,0.0,,202500.0,
skill,Quantum Computing,3,168333.33,145000.0,182500.0,140000.0,215000.0,100.0,168333.33,,
skill,Queue Processing,2,90000.0,85000.0,95000.0,80000.0,100000.0,0.0,,90000.0,
skill,R,5,141000.0,90000.0,200000.0,85000.0,210000.0,40.0,150000.0,135000.0,15000.0
skill,R&D,3,153333.33,152500.0,155000.0,150000.0,155000.0,0.0,,153333.33,
skill,RAG,5,165000.0,150000.0,230000.0,35000.0,240000.0,80.0,163750.0,170000.0,-6250.0
skill,REST APIs,13,156923.08,130000.0,170000.0,110000.0,210000.0,76.92,159500.0,148333.33,11166.67
skill,ROI Optimization,2,200000.0,175000.0,225000.0,150000.0,250000.0,100.0,200000.0,,
skill,ROS,4,148750.0,140000.0,161250.0,110000.0,180000.0,25.0,180000.0,138333.33,41666.67
skill,RTSP,3,121666.67,107500.0,132500.0,100000.0,150000.0,33.33,100000.0,132500.0,-32500.0
skill,Radiology,3,186666.67,180000.0,190000.0,180000.0,200000.0,33.33,180000.0,190000.0,-10000.0
skill,Rails,5,144500.0,115000.0,147500.0,85000.0,240000.0,100.0,144500.0,,
skill,React,215,152797.67,125000.0,180000.0,8000.0,300000.0,49.3,149867.92,155646.79,-5778.86
skill,React Native,12,147916.67,122500.0,186250.0,85000.0,210000.0,41.67,144000.0,150714.29,-6714.29
skill,Real Estate,4,185625.0,168750.0,199375.0,165000.0,212500.0,50.0,203750.0,167500.0,36250.0
skill,Real Estate Tech,5,167000.0,150000.0,170000.0,115000.0,230000.0,40.0,200000.0,145000.0,55000.0
skill,Real-Time Systems,7,196103.57,187500.0,205000.0,175000.0,217725.0,28.57,182500.0,201545.0,-19045.0
skill,Real-time Communications,2,190000.0,185000.0,195000.0,180000.0,200000.0,100.0,190000.0,,
skill,Real-time Data,3,161666.67,140000.0,182500.0,120000.0,205000.0,66.67,140000.0,205000.0,-65000.0
skill,Real-time Rendering,2,132500.0,123750.0,141250.0,115000.0,150000.0,100.0,132500.0,,
skill,Real-time Systems,16,157625.0,117500.0,211250.0,3000.0,217000.0,37.5,138333.33,169200.0,-30866.67
skill,Recommendation Systems,5,153855.0,93500.0,200000.0,93500.0,252275.0,40.0,226137.5,105666.67,120470.83
skill,Recruiting,2,95000.0,83750.0,106250.0,72500.0,117500.0,100.0,95000.0,,
skill,Redis,6,150000.0,122500.0,176250.0,100000.0,215000.0,66.67,141250.0,167500.0,-26250.0
skill,Regulations,3,110000.0,97500.0,122500.0,85000.0,135000.0,66.67,97500.0,135000.0,-37500.0
skill,Regulatory,2,225000.0,217500.0,232500.0,210000.0,240000.0,0.0,,225000.0,
skill,Regulatory Compliance,13,159615.38,140000.0,190000.0,85000.0,230000.0,61.54,147500.0,179000.0,-31500.0
skill,Reinforcement Learning,3,264166.67,240000.0,281250.0,230000.0,312500.0,0.0,,264166.67,
skill,Relationship Building,3,88333.33,82500.0,91250.0,82500.0,100000.0,100.0,88333.33,,
skill,Relationship Management,2,103750.0,88125.0,119375.0,72500.0,135000.0,100.0,103750.0,,
skill,Reliability,6,179500.0,181250.0,207500.0,85000.0,227000.0,66.67,203000.0,132500.0,70500.0
skill,Reliability Engineering,3,111666.67,77500.0,145000.0,45000.0,180000.0,33.33,180000.0,77500.0,102500.0
skill,Relocation,2,157500.0,141250.0,173750.0,125000.0,190000.0,50.0,125000.0,190000.0,-65000.0
skill,Remote,2,135000.0,130000.0,140000.0,125000.0,145000.0,50.0,145000.0,125000.0,20000.0
skill,Remote Collaboration,3,163083.33,120000.0,189625.0,110000.0,249250.0,100.0,163083.33,,
skill,Remote Desktop,2,115000.0,115000.0,115000.0,115000.0,115000.0,100.0,115000.0,,
skill,Remote Work,10,102616.0,67500.0,140000.0,20800.0,165000.0,80.0,102020.0,105000.0,-2980.0
skill,Renewable Energy,6,160416.67,156250.0,181250.0,92500.0,200000.0,66.67,161875.0,157500.0,4375.0
skill,Reporting,14,110714.29,84375.0,109375.0,55000.0,230000.0,92.86,107307.69,155000.0,-47692.31
skill,Research,38,184342.11,140000.0,250000.0,50000.0,312500.0,52.63,164875.0,205972.22,-41097.22
skill,Retail,5,92500.0,82500.0,110000.0,72500.0,115000.0,100.0,92500.0,,
skill,Retention Strategies,2,135000.0,135000.0,135000.0,135000.0,135000.0,100.0,135000.0,,
skill,Revenue Generation,2,140000.0,130000.0,150000.0,120000.0,160000.0,100.0,140000.0,,
skill,Revenue Growth,7,144642.86,112500.0,170000.0,72500.0,240000.0,100.0,144642.86,,
skill,Revenue Intelligence,2,175000.0,172500.0,177500.0,170000.0,180000.0,0.0,,175000.0,
skill,Revenue Operations,2,145000.0,122500.0,167500.0,100000.0,190000.0,100.0,145000.0,,
skill,Risk Analysis,6,154166.67,127500.0,183125.0,107500.0,190000.0,50.0,142500.0,165833.33,-23333.33
skill,Risk Assessment,4,143750.0,133750.0,157500.0,115000.0,165000.0,75.0,140000.0,155000.0,-15000.0
skill,Risk Management,11,153863.64,120000.0,192500.0,57500.0,230000.0,90.91,152250.0,170000.0,-17750.0
skill,Roadmapping,9,193333.33,170000.0,230000.0,85000.0,285000.0,100.0,193333.33,,
skill,Robotics,30,165783.33,126250.0,200000.0,90000.0,275000.0,33.33,154500.0,171425.0,-16925.0
skill,Ruby,6,153333.33,120000.0,176250.0,85000.0,240000.0,100.0,153333.33,,
skill,Ruby on Rails,8,147500.0,126250.0,153750.0,110000.0,230000.0,87.5,147142.86,150000.0,-2857.14
skill,Rust,42,190714.29,170000.0,226250.0,100000.0,275000.0,64.29,187037.04,197333.33,-10296.3
skill,SDK Development,3,176666.67,157500.0,207500.0,115000.0,215000.0,33.33,115000.0,207500.0,-92500.0
skill,SEO,7,97348.57,65000.0,140000.0,1440.0,170000.0,85.71,85240.0,170000.0,-84760.0
skill,SMB,2,102500.0,96250.0,108750.0,90000.0,115000.0,100.0,102500.0,,
skill,SME Finance,2,142500.0,121250.0,163750.0,100000.0,185000.0,100.0,142500.0,,
skill,SMS,2,172500.0,143750.0,201250.0,115000.0,230000.0,100.0,172500.0,,
skill,SQL,71,148485.92,117500.0,177500.0,15000.0,300000.0,57.75,145304.88,152833.33,-7528.46
skill,SQL Server,2,152500.0,136250.0,168750.0,120000.0,185000.0,50.0,185000.0,120000.0,65000.0
skill,SRE,17,173676.47,160000.0,185000.0,85000.0,260000.0,41.18,174285.71,173250.0,1035.71
skill,SaaS,89,142983.15,120000.0,170000.0,50000.0,240000.0,71.91,141054.69,147920.0,-6865.31
skill,Sales,45,116444.44,90000.0,135000.0,47500.0,240000.0,88.89,116250.0,118000.0,-1750.0
skill,Sales Engineering,4,167500.0,157500.0,177500.0,150000.0,185000.0,75.0,161666.67,185000.0,-23333.33
skill,Sales Leadership,2,205000.0,187500.0,222500.0,170000.0,240000.0,100.0,205000.0,,
skill,Sales Strategy,2,170000.0,170000.0,170000.0,170000.0,170000.0,100.0,170000.0,,
skill,Sales Technology,2,135000.0,117500.0,152500.0,100000.0,170000.0,50.0,170000.0,100000.0,70000.0
skill,Salesforce,8,108750.0,88125.0,119375.0,52500.0,190000.0,100.0,108750.0,,
skill,Santa Clara,2,150000.0,125000.0,175000.0,100000.0,200000.0,0.0,,150000.0,
skill,Satellite,2,167500.0,158750.0,176250.0,150000.0,185000.0,100.0,167500.0,,
skill,Satellite Imagery,4,137500.0,113750.0,138750.0,110000.0,210000.0,50.0,112500.0,162500.0,-50000.0
skill,Scala,6,171666.67,165000.0,183750.0,135000.0,190000.0,83.33,179000.0,135000.0,44000.0
skill,Scalability,108,182071.53,150000.0,213125.0,85000.0,337000.0,43.52,179117.02,184347.95,-5230.93
skill,Scalable Systems,7,152857.14,127500.0,187500.0,45000.0,220000.0,28.57,155000.0,152000.0,3000.0
skill,Scheduling,6,92500.0,60625.0,108125.0,55000.0,185000.0,100.0,92500.0,,
skill,Science,3,163333.33,147500.0,172500.0,145000.0,195000.0,33.33,150000.0,170000.0,-20000.0
skill,Scientific Communication,2,140000.0,140000.0,140000.0,140000.0,140000.0,100.0,140000.0,,
skill,Scientific Computing,6,123310.0,106250.0,143125.0,87360.0,150000.0,33.33,118680.0,125625.0,-6945.0
skill,Scientific Software,2,85000.0,70000.0,100000.0,55000.0,115000.0,0.0,,85000.0,
skill,Scripting,7,141428.57,120000.0,162500.0,95000.0,200000.0,71.43,153000.0,112500.0,40500.0
skill,Scrum,4,138125.0,126875.0,151250.0,117500.0,155000.0,100.0,138125.0,,
skill,Search,4,165000.0,150000.0,195000.0,60000.0,240000.0,50.0,210000.0,120000.0,90000.0
skill,Security,101,172175.74,150000.0,195000.0,42500.0,285000.0,55.45,167700.89,177744.44,-10043.55
skill,Security Clearance,2,115000.0,115000.0,115000.0,115000.0,115000.0,50.0,115000.0,115000.0,0.0
skill,Security Engineering,3,179166.67,167500.0,201250.0,135000.0,202500.0,66.67,201250.0,135000.0,66250.0
skill,Selenium,2,105000.0,105000.0,105000.0,105000.0,105000.0,100.0,105000.0,,
skill,Semiconductors,2,170000.0,147500.0,192500.0,125000.0,215000.0,50.0,215000.0,125000.0,90000.0
skill,Serverless,3,200000.0,192500.0,207500.0,185000.0,215000.0,0.0,,200000.0,
skill,Session Replay,4,167500.0,165000.0,170000.0,165000.0,170000.0,75.0,166666.67,170000.0,-3333.33
skill,Shader Programming,3,131666.67,122500.0,140000.0,115000.0,150000.0,100.0,131666.67,,
skill,Simulation,9,118317.78,100000.0,140000.0,55000.0,165000.0,33.33,130786.67,112083.33,18703.33
skill,Site Reliability Engineering,5,182800.0,155000.0,212500.0,151500.0,215000.0,80.0,175375.0,212500.0,-37125.0
skill,Smart Contracts,9,157777.78,105000.0,205000.0,100000.0,250000.0,66.67,176666.67,120000.0,56666.67
skill,Smart Grid,2,217500.0,201250.0,233750.0,185000.0,250000.0,100.0,217500.0,,
skill,Social Impact,2,52500.0,33750.0,71250.0,15000.0,90000.0,0.0,,52500.0,
skill,Social Media,5,103288.0,85000.0,140000.0,1440.0,180000.0,80.0,84110.0,180000.0,-95890.0
skill,Social Media Management,2,65000.0,60000.0,70000.0,55000.0,75000.0,100.0,65000.0,,
skill,Software,2,115000.0,107500.0,122500.0,100000.0,130000.0,100.0,115000.0,,
skill,Software Architecture,6,198333.33,178750.0,212500.0,175000.0,230000.0,66.67,192500.0,210000.0,-17500.0
skill,Software Development,32,162656.25,133750.0,191250.0,90000.0,270000.0,40.62,171153.85,156842.11,14311.74
skill,Software Engineering,105,161845.24,132500.0,190000.0,15000.0,312500.0,36.19,172743.42,155664.18,17079.24
skill,Software Orchestration,2,265000.0,262500.0,267500.0,260000.0,270000.0,100.0,265000.0,,
skill,Solar Energy,2,150000.0,150000.0,150000.0,150000.0,150000.0,0.0,,150000.0,
skill,Solidity,4,123750.0,103750.0,142500.0,100000.0,150000.0,75.0,118333.33,140000.0,-21666.67
skill,Solution Architecture,2,190000.0,170000.0,210000.0,150000.0,230000.0,100.0,190000.0,,
skill,Solutions Architecture,2,185000.0,177500.0,192500.0,170000.0,200000.0,100.0,185000.0,,
skill,Solutions Engineering,2,152500.0,141250.0,163750.0,130000.0,175000.0,100.0,152500.0,,
skill,Sourcing,3,112500.0,110000.0,113750.0,110000.0,117500.0,100.0,112500.0,,
skill,Spark,2,145000.0,127500.0,162500.0,110000.0,180000.0,50.0,180000.0,110000.0,70000.0
skill,Spatial Computing,4,177500.0,171250.0,188750.0,145000.0,200000.0,75.0,170000.0,200000.0,-30000.0
skill,Specialty Medications,2,77500.0,68750.0,86250.0,60000.0,95000.0,100.0,77500.0,,
skill,Speech Processing,2,137500.0,106250.0,168750.0,75000.0,200000.0,50.0,75000.0,200000.0,-125000.0
skill,Sports Analytics,2,175000.0,162500.0,187500.0,150000.0,200000.0,0.0,,175000.0,
skill,Sports Technology,2,157500.0,146250.0,168750.0,135000.0,180000.0,50.0,135000.0,180000.0,-45000.0
skill,Spring,3,151666.67,142500.0,165000.0,125000.0,170000.0,66.67,165000.0,125000.0,40000.0
skill,Spring Boot,4,143750.0,128750.0,160000.0,125000.0,160000.0,100.0,143750.0,,
skill,Stakeholder Engagement,2,155000.0,152500.0,157500.0,150000.0,160000.0,100.0,155000.0,,
skill,Stakeholder Management,24,157395.83,128750.0,170000.0,85000.0,285000.0,95.83,156847.83,170000.0,-13152.17
skill,Startup,24,140375.0,113750.0,175000.0,8000.0,300000.0,33.33,119750.0,150687.5,-30937.5
skill,Startup Ecosystem,2,145000.0,120000.0,170000.0,95000.0,195000.0,0.0,,145000.0,
skill,Startup Experience,10,164000.0,112500.0,208750.0,60000.0,275000.0,70.0,160000.0,173333.33,-13333.33
skill,Startups,2,135000.0,117500.0,152500.0,100000.0,170000.0,100.0,135000.0,,
skill,State Management,5,180545.0,155000.0,215000.0,135000.0,217725.0,20.0,135000.0,191931.25,-56931.25
skill,Statistical Analysis,2,216250.0,181875.0,250625.0,147500.0,285000.0,50.0,285000.0,147500.0,137500.0
skill,Statistics,12,162500.0,125000.0,202500.0,85000.0,270000.0,66.67,157500.0,172500.0,-15000.0
skill,Storage Systems,2,172500.0,163750.0,181250.0,155000.0,190000.0,100.0,172500.0,,
skill,Strategic Planning,7,166071.43,130000.0,187500.0,107500.0,275000.0,100.0,166071.43,,
skill,Strategy,13,178076.92,130000.0,230000.0,100000.0,300000.0,92.31,175000.0,215000.0,-40000.0
skill,Streaming,2,205000.0,187500.0,222500.0,170000.0,240000.0,0.0,,205000.0,
skill,Stripe,2,140000.0,135000.0,145000.0,130000.0,150000.0,100.0,140000.0,,
skill,Supabase,4,168750.0,161250.0,177500.0,150000.0,185000.0,100.0,168750.0,,
skill,Supply Chain,12,157708.33,136250.0,188125.0,35000.0,230000.0,50.0,130833.33,184583.33,-53750.0
skill,Support,5,107000.0,115000.0,120000.0,55000.0,130000.0,60.0,100000.0,117500.0,-17500.0
skill,Support Engineering,3,130066.67,95100.0,150000.0,90200.0,200000.0,66.67,95100.0,200000.0,-104900.0
skill,Sustainability,11,132954.55,111250.0,150000.0,65000.0,200000.0,90.91,129250.0,170000.0,-40750.0
skill,Sustainable Finance,2,147500.0,128750.0,166250.0,110000.0,185000.0,100.0,147500.0,,
skill,Swift,12,176125.0,157500.0,200000.0,110000.0,238500.0,58.33,167857.14,187700.0,-19842.86
skill,SwiftUI,3,150000.0,142500.0,157500.0,135000.0,165000.0,100.0,150000.0,,
skill,System Administration,2,92500.0,88750.0,96250.0,85000.0,100000.0,100.0,92500.0,,
skill,System Architecture,33,184191.36,170000.0,215000.0,40815.0,295000.0,60.61,182000.0,187562.69,-5562.69
skill,System Design,26,181000.0,151250.0,204375.0,85000.0,275000.0,50.0,183076.92,178923.08,4153.85
skill,System Integration,4,167500.0,151250.0,186250.0,125000.0,205000.0,75.0,170000.0,160000.0,10000.0
skill,Systems,3,228333.33,192500.0,257500.0,170000.0,300000.0,33.33,300000.0,192500.0,107500.0
skill,Systems Architecture,2,170000.0,125000.0,215000.0,80000.0,260000.0,0.0,,170000.0,
skill,Systems Building,2,137500.0,106250.0,168750.0,75000.0,200000.0,50.0,75000.0,200000.0,-125000.0
skill,Systems Engineering,10,196500.0,162500.0,245000.0,100000.0,250000.0,60.0,223333.33,156250.0,67083.33
skill,Systems Programming,7,211071.43,175000.0,226250.0,170000.0,325000.0,57.14,177500.0,255833.33,-78333.33
skill,TPM,4,217500.0,197500.0,245000.0,160000.0,260000.0,0.0,,217500.0,
skill,Tableau,4,125000.0,106250.0,131250.0,95000.0,180000.0,100.0,125000.0,,
skill,Tailwind CSS,2,150000.0,150000.0,150000.0,150000.0,150000.0,50.0,150000.0,150000.0,0.0
skill,Talent Acquisition,5,111500.0,110000.0,130000.0,60000.0,140000.0,100.0,111500.0,,
skill,Teaching,3,38333.33,15000.0,50000.0,15000.0,85000.0,0.0,,38333.33,
skill,Team Building,4,197500.0,173750.0,221250.0,155000.0,240000.0,25.0,240000.0,183333.33,56666.67
skill,Team Collaboration,3,104166.67,53750.0,132500.0,47500.0,205000.0,100.0,104166.67,,
skill,Team Coordination,3,138333.33,115000.0,157500.0,100000.0,185000.0,66.67,115000.0,185000.0,-70000.0
skill,Team Leadership,22,181704.55,150000.0,213750.0,77500.0,285000.0,77.27,184117.65,173500.0,10617.65
skill,Team Management,9,183555.56,170000.0,205000.0,85000.0,230000.0,88.89,185250.0,170000.0,15250.0
skill,Technical Documentation,3,99166.67,63750.0,121250.0,55000.0,170000.0,66.67,63750.0,170000.0,-106250.0
skill,Technical Leadership,10,166800.0,161250.0,185000.0,8000.0,240000.0,50.0,169000.0,164600.0,4400.0
skill,Technical Operations,2,142500.0,131250.0,153750.0,120000.0,165000.0,50.0,120000.0,165000.0,-45000.0
skill,Technical Sales,4,156250.0,145000.0,166250.0,130000.0,185000.0,75.0,146666.67,185000.0,-38333.33
skill,Technical Strategy,3,220000.0,195000.0,260000.0,140000.0,270000.0,66.67,260000.0,140000.0,120000.0
skill,Technical Support,6,125833.33,92500.0,132500.0,85000.0,220000.0,83.33,107000.0,220000.0,-113000.0
skill,Technical Writing,4,101250.0,88750.0,112500.0,55000.0,150000.0,75.0,85000.0,150000.0,-65000.0
skill,Technology,2,200000.0,150000.0,250000.0,100000.0,300000.0,50.0,300000.0,100000.0,200000.0
skill,Telemedicine,2,157500.0,143750.0,171250.0,130000.0,185000.0,100.0,157500.0,,
skill,TensorFlow,41,185822.56,150000.0,205000.0,75000.0,300000.0,43.9,176456.94,193152.17,-16695.23
skill,Terraform,24,175520.83,150000.0,200000.0,95000.0,275000.0,54.17,162692.31,190681.82,-27989.51
skill,Territory Management,3,79166.67,77500.0,82500.0,72500.0,82500.0,100.0,79166.67,,
skill,Test Automation,3,168333.33,152500.0,190000.0,125000.0,200000.0,33.33,125000.0,190000.0,-65000.0
skill,Testing,28,135029.11,113750.0,162500.0,40815.0,210000.0,53.57,146833.33,121408.85,25424.49
skill,Threat Intelligence,4,83875.0,81375.0,111250.0,3000.0,115000.0,100.0,83875.0,,
skill,Ticketing,2,120000.0,102500.0,137500.0,85000.0,155000.0,100.0,120000.0,,
skill,Time-Series Data,2,177500.0,176250.0,178750.0,175000.0,180000.0,100.0,177500.0,,
skill,Tool Development,2,143750.0,141875.0,145625.0,140000.0,147500.0,50.0,140000.0,147500.0,-7500.0
skill,Tooling,3,181666.67,172500.0,192500.0,160000.0,200000.0,66.67,180000.0,185000.0,-5000.0
skill,Trading,8,148437.5,89375.0,218750.0,50000.0,275000.0,50.0,138125.0,158750.0,-20625.0
skill,Trading Systems,2,143750.0,125625.0,161875.0,107500.0,180000.0,50.0,180000.0,107500.0,72500.0
skill,Training,8,100312.5,74375.0,125000.0,70000.0,135000.0,100.0,100312.5,,
skill,Transcription,2,135000.0,132500.0,137500.0,130000.0,140000.0,50.0,130000.0,140000.0,-10000.0
skill,Transportation,2,175000.0,162500.0,187500.0,150000.0,200000.0,50.0,150000.0,200000.0,-50000.0
skill,Treatment Planning,2,175000.0,152500.0,197500.0,130000.0,220000.0,100.0,175000.0,,
skill,Troubleshooting,10,103500.0,86250.0,111250.0,55000.0,200000.0,90.0,92777.78,200000.0,-107222.22
skill,Trust Systems,2,170000.0,170000.0,170000.0,170000.0,170000.0,100.0,170000.0,,
skill,TypeScript,114,154485.22,126250.0,185000.0,40815.0,300000.0,49.12,158312.5,150789.91,7522.59
skill,UI Design,2,77500.0,76250.0,78750.0,75000.0,80000.0,0.0,,77500.0,
skill,UI Development,3,135000.0,132500.0,137500.0,130000.0,140000.0,100.0,135000.0,,
skill,UI/UX,40,146887.5,120000.0,171250.0,60000.0,225000.0,62.5,151920.0,138500.0,13420.0
skill,UI/UX Design,3,120000.0,117500.0,122500.0,115000.0,125000.0,33.33,115000.0,122500.0,-7500.0
skill,UK,2,145000.0,122500.0,167500.0,100000.0,190000.0,0.0,,145000.0,
skill,UX,3,163333.33,137500.0,182500.0,125000.0,215000.0,66.67,137500.0,215000.0,-77500.0
skill,UX Design,2,95000.0,77500.0,112500.0,60000.0,130000.0,50.0,130000.0,60000.0,70000.0
skill,Unity,6,137500.0,120000.0,128750.0,115000.0,215000.0,50.0,123333.33,151666.67,-28333.33
skill,Unreal Engine,7,125714.29,117500.0,127500.0,115000.0,150000.0,85.71,127500.0,115000.0,12500.0
skill,User Experience,4,170000.0,165000.0,175000.0,150000.0,190000.0,50.0,180000.0,160000.0,20000.0
skill,User Research,18,140416.67,111250.0,168750.0,60000.0,230000.0,94.44,144264.71,75000.0,69264.71
skill,VC,2,172500.0,161250.0,183750.0,150000.0,195000.0,0.0,,172500.0,
skill,VFX,2,132500.0,123750.0,141250.0,115000.0,150000.0,100.0,132500.0,,
skill,VPN,3,121666.67,115000.0,132500.0,100000.0,135000.0,66.67,115000.0,135000.0,-20000.0
skill,Vector Databases,3,168333.33,137500.0,190000.0,125000.0,230000.0,100.0,168333.33,,
skill,Vector Search,2,192500.0,186250.0,198750.0,180000.0,205000.0,0.0,,192500.0,
skill,Vendor Management,4,120000.0,108750.0,121250.0,105000.0,155000.0,100.0,120000.0,,
skill,Version Control,3,139166.67,106250.0,167500.0,82500.0,205000.0,100.0,139166.67,,
skill,Video Generation,2,195000.0,190000.0,200000.0,185000.0,205000.0,50.0,185000.0,205000.0,-20000.0
skill,Video Processing,5,150000.0,170000.0,175000.0,60000.0,175000.0,40.0,172500.0,135000.0,37500.0
skill,Video Production,3,120000.0,90000.0,137500.0,85000.0,180000.0,66.67,132500.0,95000.0,37500.0
skill,Video Streaming,3,166666.67,147500.0,192500.0,115000.0,205000.0,66.67,147500.0,205000.0,-57500.0
skill,Visualization,3,107453.33,93680.0,117500.0,87360.0,135000.0,33.33,87360.0,117500.0,-30140.0
skill,Voice,2,207500.0,196250.0,218750.0,185000.0,230000.0,50.0,230000.0,185000.0,45000.0
skill,Voice AI,6,205000.0,206250.0,210000.0,180000.0,215000.0,33.33,195000.0,210000.0,-15000.0
skill,Voice Agents,2,212500.0,208750.0,216250.0,205000.0,220000.0,0.0,,212500.0,
skill,Vue.js,2,138750.0,103125.0,174375.0,67500.0,210000.0,50.0,210000.0,67500.0,142500.0
skill,WMS,2,120000.0,117500.0,122500.0,115000.0,125000.0,100.0,120000.0,,
skill,Wealth Management,2,172500.0,146250.0,198750.0,120000.0,225000.0,50.0,120000.0,225000.0,-105000.0
skill,Web,2,152500.0,123750.0,181250.0,95000.0,210000.0,50.0,95000.0,210000.0,-115000.0
skill,Web Applications,3,130000.0,120000.0,140000.0,110000.0,150000.0,66.67,120000.0,150000.0,-30000.0
skill,Web Crawling,3,161666.67,160000.0,162500.0,160000.0,165000.0,100.0,161666.67,,
skill,Web Development,43,128197.67,100000.0,161250.0,15000.0,215000.0,48.84,135357.14,121363.64,13993.51
skill,Web Scraping,9,157777.78,150000.0,190000.0,90000.0,200000.0,44.44,148750.0,165000.0,-16250.0
skill,Web Technologies,2,110000.0,102500.0,117500.0,95000.0,125000.0,50.0,95000.0,125000.0,-30000.0
skill,Web3,7,155714.29,130000.0,165000.0,100000.0,250000.0,71.43,166000.0,130000.0,36000.0
skill,WebAssembly,2,105000.0,100000.0,110000.0,95000.0,115000.0,100.0,105000.0,,
skill,WebGL,5,159000.0,125000.0,200000.0,115000.0,215000.0,80.0,163750.0,140000.0,23750.0
skill,WebGPU,3,108333.33,105000.0,115000.0,95000.0,115000.0,100.0,108333.33,,
skill,WebRTC,4,191250.0,178750.0,202500.0,175000.0,210000.0,100.0,191250.0,,
skill,WebSockets,2,130000.0,125000.0,135000.0,120000.0,140000.0,0.0,,130000.0,
skill,Workflow,4,152500.0,131250.0,163750.0,120000.0,205000.0,25.0,135000.0,158333.33,-23333.33
skill,Workflow Automation,5,168000.0,140000.0,185000.0,130000.0,240000.0,40.0,137500.0,188333.33,-50833.33
skill,Workflow Orchestration,2,190000.0,185000.0,195000.0,180000.0,200000.0,50.0,200000.0,180000.0,20000.0
skill,Workflows,2,125000.0,102500.0,147500.0,80000.0,170000.0,0.0,,125000.0,
skill,Writing,2,82500.0,73750.0,91250.0,65000.0,100000.0,100.0,82500.0,,
skill,YC,2,197500.0,181250.0,213750.0,165000.0,230000.0,50.0,165000.0,230000.0,-65000.0
skill,YC Startup,4,143750.0,136250.0,155000.0,110000.0,170000.0,25.0,170000.0,135000.0,35000.0
skill,backend,15,159450.0,122500.0,182500.0,100000.0,249250.0,73.33,156522.73,167500.0,-10977.27
skill,banking,2,152500.0,136250.0,168750.0,120000.0,185000.0,50.0,120000.0,185000.0,-65000.0
skill,blockchain,2,110000.0,107500.0,112500.0,105000.0,115000.0,100.0,110000.0,,
skill,cloud,8,163750.0,157500.0,180000.0,100000.0,205000.0,50.0,172500.0,155000.0,17500.0
skill,cryptography,2,110000.0,107500.0,112500.0,105000.0,115000.0,100.0,110000.0,,
skill,cybersecurity,2,130000.0,117500.0,142500.0,105000.0,155000.0,50.0,105000.0,155000.0,-50000.0
skill,data analysis,2,181250.0,165625.0,196875.0,150000.0,212500.0,50.0,150000.0,212500.0,-62500.0
skill,database,2,165000.0,145000.0,185000.0,125000.0,205000.0,50.0,125000.0,205000.0,-80000.0
skill,developer tools,2,142500.0,133750.0,151250.0,125000.0,160000.0,50.0,160000.0,125000.0,35000.0
skill,distributed systems,3,196416.67,170000.0,214625.0,160000.0,249250.0,100.0,196416.67,,
skill,ecommerce,2,156250.0,150625.0,161875.0,145000.0,167500.0,50.0,167500.0,145000.0,22500.0
skill,embedded systems,2,147500.0,141250.0,153750.0,135000.0,160000.0,50.0,160000.0,135000.0,25000.0
skill,frontend,7,137035.71,107500.0,137500.0,100000.0,249250.0,85.71,143208.33,100000.0,43208.33
skill,full-stack,5,125000.0,115000.0,135000.0,100000.0,150000.0,80.0,122500.0,135000.0,-12500.0
skill,fullstack,4,166687.5,137500.0,187937.5,100000.0,249250.0,75.0,188916.67,100000.0,88916.67
skill,fullstack development,3,131666.67,125000.0,137500.0,120000.0,145000.0,66.67,125000.0,145000.0,-20000.0
skill,iOS,18,145402.78,111250.0,170000.0,60000.0,249250.0,55.56,156725.0,131250.0,25475.0
skill,iOS Development,4,186250.0,171250.0,200000.0,160000.0,215000.0,50.0,167500.0,205000.0,-37500.0
skill,infrastructure,2,180000.0,177500.0,182500.0,175000.0,185000.0,50.0,175000.0,185000.0,-10000.0
skill,macOS,4,175000.0,166250.0,181250.0,155000.0,200000.0,75.0,181666.67,155000.0,26666.67
skill,machine learning,3,149166.67,117500.0,168750.0,110000.0,212500.0,0.0,,149166.67,
skill,mobile development,4,131250.0,118750.0,147500.0,100000.0,155000.0,0.0,,131250.0,
skill,networking,4,157500.0,150000.0,165000.0,135000.0,180000.0,50.0,170000.0,145000.0,25000.0
skill,optimization,2,132500.0,116250.0,148750.0,100000.0,165000.0,50.0,165000.0,100000.0,65000.0
skill,privacy technologies,2,135000.0,125000.0,145000.0,115000.0,155000.0,50.0,115000.0,155000.0,-40000.0
skill,product development,4,135000.0,128750.0,138750.0,125000.0,150000.0,75.0,135000.0,135000.0,0.0
skill,product engineering,2,163750.0,139375.0,188125.0,115000.0,212500.0,50.0,115000.0,212500.0,-97500.0
skill,scalability,3,180833.33,165000.0,198750.0,145000.0,212500.0,33.33,185000.0,178750.0,6250.0
skill,scaling,2,132500.0,116250.0,148750.0,100000.0,165000.0,100.0,132500.0,,
skill,security,4,187312.5,158750.0,201062.5,155000.0,249250.0,75.0,198083.33,155000.0,43083.33
skill,software engineering,4,171687.5,135000.0,187937.5,135000.0,249250.0,50.0,208375.0,135000.0,73375.0
skill,visualization,2,160000.0,150000.0,170000.0,140000.0,180000.0,100.0,160000.0,,
skill,web3,2,110000.0,107500.0,112500.0,105000.0,115000.0,100.0,110000.0,,
seniority,c_level,5,176400.0,93500.0,215000.0,93500.0,275000.0,40.0,245000.0,130666.67,114333.33
seniority,director,24,192979.17,152500.0,227750.0,77500.0,300000.0,83.33,201200.0,151875.0,49325.0
seniority,entry,31,64505.16,47500.0,82500.0,3000.0,120000.0,83.87,59871.54,88600.0,-28728.46
seniority,founding,3,155000.0,140000.0,167500.0,130000.0,185000.0,33.33,130000.0,167500.0,-37500.0
seniority,intern,8,65805.0,58750.0,81250.0,1440.0,100000.0,62.5,59288.0,76666.67,-17378.67
seniority,junior,15,80500.0,66250.0,92500.0,52500.0,120000.0,46.67,68571.43,90937.5,-22366.07
seniority,lead,55,158881.82,133750.0,188750.0,8000.0,275000.0,52.73,153982.76,164346.15,-10363.4
seniority,manager,2,227500.0,198750.0,256250.0,170000.0,285000.0,50.0,285000.0,170000.0,115000.0
seniority,mid,537,137971.46,110000.0,165000.0,15000.0,312500.0,54.38,133788.9,142956.39,-9167.48
seniority,principal,25,217460.0,185000.0,260000.0,130000.0,300000.0,56.0,194928.57,246136.36,-51207.79
seniority,senior,458,177471.34,150000.0,200000.0,35000.0,375000.0,60.04,169644.27,189233.33,-19589.06
seniority,staff,40,215030.62,200000.0,226250.0,146000.0,295000.0,47.5,212105.26,217677.38,-5572.12
seniority,vp,3,255000.0,240000.0,267500.0,230000.0,285000.0,100.0,255000.0,,
company_type,agency,39,129016.92,85000.0,152500.0,20800.0,338000.0,84.62,127323.03,138333.33,-11010.3
company_type,big_tech,55,208663.64,177500.0,240000.0,60000.0,337000.0,61.82,193596.32,233058.33,-39462.01
company_type,consulting,6,131666.67,111250.0,138750.0,100000.0,200000.0,33.33,172500.0,111250.0,61250.0
company_type,enterprise,53,150622.64,115000.0,198000.0,37500.0,300000.0,69.81,133959.46,189156.25,-55196.79
company_type,government,9,146944.44,125000.0,155000.0,95000.0,220000.0,55.56,141000.0,154375.0,-13375.0
company_type,mid_market,117,133670.94,100000.0,155000.0,45000.0,250000.0,68.38,135087.5,130608.11,4479.39
company_type,nonprofit,21,110595.24,72500.0,150000.0,15000.0,237500.0,66.67,120892.86,90000.0,30892.86
company_type,other,4,98750.0,93750.0,110000.0,75000.0,110000.0,0.0,,98750.0,
company_type,scaleup,361,166740.17,135000.0,197500.0,35000.0,312500.0,63.43,163208.3,172867.42,-9659.13
company_type,startup,539,155198.54,120000.0,185000.0,1440.0,375000.0,48.05,147164.09,162630.41,-15466.32
